UtcTime,Computer,User,EventID,Image,CommandLine,ParentImage,DestinationIp,DestinationPort,Hashes
2026-05-12 00:00:00.000,VDI-POOL-03,svc-export,1,sshd,"sshd",systemd,,,SHA256=000f6fae6a33e61d000f6fae6a33e61d000f6fae6a33e61d000f6fae6a33e61d
2026-05-12 00:09:39.145,build-agent-03,a.chen,1,git,"git",launchd,,,SHA256=00205fe27f4a8cf800205fe27f4a8cf800205fe27f4a8cf800205fe27f4a8cf8
2026-05-12 00:14:15.838,build-agent-03,svc-export,1,powershell.exe,"powershell.exe",systemd,,,SHA256=00110a6afe560db300110a6afe560db300110a6afe560db300110a6afe560db3
2026-05-12 00:18:39.599,VDI-POOL-03,svc_ediscovery,1,slack.exe,"slack.exe",launchd,,,SHA256=001182f7895cbb52001182f7895cbb52001182f7895cbb52001182f7895cbb52
2026-05-12 00:21:53.624,HR-LT19,m.sato,1,python3,"python3",launchd,,,SHA256=0000f0806fddf66b0000f0806fddf66b0000f0806fddf66b0000f0806fddf66b
2026-05-12 00:24:48.000,build-agent-03,r.owens,1,git,"git",systemd,,,SHA256=0009fdd923cd6d490009fdd923cd6d490009fdd923cd6d490009fdd923cd6d49
2026-05-12 00:33:37.415,FIN-WS22,j.patel,1,git,"git",launchd,,,SHA256=000cb7117cac31be000cb7117cac31be000cb7117cac31be000cb7117cac31be
2026-05-12 00:36:11.575,HR-LT19,svc-build,1,slack.exe,"slack.exe",explorer.exe,,,SHA256=000883c11e6c5538000883c11e6c5538000883c11e6c5538000883c11e6c5538
2026-05-12 00:41:26.416,VDI-POOL-03,svc-export,1,git,"git",launchd,,,SHA256=0011bdda229218db0011bdda229218db0011bdda229218db0011bdda229218db
2026-05-12 00:44:19.240,VDI-POOL-02,svc-build,1,sshd,"sshd",launchd,,,SHA256=0021983a9fd1a2da0021983a9fd1a2da0021983a9fd1a2da0021983a9fd1a2da
2026-05-12 00:46:56.195,FIN-WS22,a.chen,1,chrome.exe,"chrome.exe",launchd,,,SHA256=001050d4eef1e345001050d4eef1e345001050d4eef1e345001050d4eef1e345
2026-05-12 00:58:20.056,FIN-WS22,svc_ediscovery,1,sshd,"sshd",cmd.exe,,,SHA256=001038eecaddb203001038eecaddb203001038eecaddb203001038eecaddb203
2026-05-12 01:01:42.615,VDI-POOL-02,m.sato,1,powershell.exe,"powershell.exe",explorer.exe,,,SHA256=0002249edc2084b20002249edc2084b20002249edc2084b20002249edc2084b2
2026-05-12 01:10:10.634,ENG-FS03,r.owens,1,node,"node",explorer.exe,,,SHA256=0022c1e9321b36a20022c1e9321b36a20022c1e9321b36a20022c1e9321b36a2
2026-05-12 01:14:37.351,build-agent-03,svc-build,1,node,"node",systemd,,,SHA256=001531db9d018e26001531db9d018e26001531db9d018e26001531db9d018e26
2026-05-12 01:20:11.918,ENG-FS03,r.owens,1,outlook.exe,"outlook.exe",launchd,,,SHA256=0018a3264f5441f50018a3264f5441f50018a3264f5441f50018a3264f5441f5
2026-05-12 01:29:34.484,FIN-WS22,r.owens,1,node,"node",systemd,,,SHA256=001c6671d7358e4c001c6671d7358e4c001c6671d7358e4c001c6671d7358e4c
2026-05-12 01:40:01.400,HR-LT19,svc-build,1,node,"node",cmd.exe,,,SHA256=000cd71e6450bd0d000cd71e6450bd0d000cd71e6450bd0d000cd71e6450bd0d
2026-05-12 01:48:48.286,build-agent-03,j.patel,1,chrome.exe,"chrome.exe",explorer.exe,,,SHA256=001e1e0902b9ad17001e1e0902b9ad17001e1e0902b9ad17001e1e0902b9ad17
2026-05-12 02:00:02.445,HR-LT19,svc_ediscovery,1,node,"node",cmd.exe,,,SHA256=0013749832ef34840013749832ef34840013749832ef34840013749832ef3484
2026-05-12 02:06:32.946,build-agent-03,m.sato,1,python3,"python3",explorer.exe,,,SHA256=000e726b08ab7e98000e726b08ab7e98000e726b08ab7e98000e726b08ab7e98
2026-05-12 02:10:58.038,HR-LT19,j.patel,1,outlook.exe,"outlook.exe",cmd.exe,,,SHA256=00150af0de1c117c00150af0de1c117c00150af0de1c117c00150af0de1c117c
2026-05-12 02:20:15.596,ENG-FS03,m.sato,1,node,"node",launchd,,,SHA256=0020fce2d0ec49200020fce2d0ec49200020fce2d0ec49200020fce2d0ec4920
2026-05-12 02:23:31.868,VDI-POOL-03,svc_ediscovery,1,python3,"python3",cmd.exe,,,SHA256=0018144a83919bda0018144a83919bda0018144a83919bda0018144a83919bda
2026-05-12 02:31:24.632,VDI-POOL-03,j.patel,1,outlook.exe,"outlook.exe",explorer.exe,,,SHA256=0018ea97efb93a990018ea97efb93a990018ea97efb93a990018ea97efb93a99
2026-05-12 02:42:25.324,VDI-POOL-02,a.chen,1,sshd,"sshd",launchd,,,SHA256=0015733c3c3361c30015733c3c3361c30015733c3c3361c30015733c3c3361c3
2026-05-12 02:49:15.951,HR-LT19,a.chen,1,python3,"python3",explorer.exe,,,SHA256=000d711ae91b491f000d711ae91b491f000d711ae91b491f000d711ae91b491f
2026-05-12 02:57:14.561,VDI-POOL-03,m.sato,1,chrome.exe,"chrome.exe",launchd,,,SHA256=00049fc59a12e05500049fc59a12e05500049fc59a12e05500049fc59a12e055
2026-05-12 03:06:50.336,VDI-POOL-03,a.chen,1,slack.exe,"slack.exe",launchd,,,SHA256=002297fa64ddbae4002297fa64ddbae4002297fa64ddbae4002297fa64ddbae4
2026-05-12 03:11:17.458,VDI-POOL-03,svc-build,1,outlook.exe,"outlook.exe",systemd,,,SHA256=00236648285689a800236648285689a800236648285689a800236648285689a8
2026-05-12 03:22:35.871,HR-LT19,m.sato,1,python3,"python3",systemd,,,SHA256=0013d4b0c3c291450013d4b0c3c291450013d4b0c3c291450013d4b0c3c29145
2026-05-12 03:28:35.889,VDI-POOL-02,svc-export,1,outlook.exe,"outlook.exe",launchd,,,SHA256=0022b78dafa284080022b78dafa284080022b78dafa284080022b78dafa28408
2026-05-12 03:38:19.867,FIN-WS22,j.patel,1,git,"git",launchd,,,SHA256=0004f3bfe1a053260004f3bfe1a053260004f3bfe1a053260004f3bfe1a05326
2026-05-12 03:48:44.364,HR-LT19,svc-export,1,chrome.exe,"chrome.exe",launchd,,,SHA256=0014bb07b630be6a0014bb07b630be6a0014bb07b630be6a0014bb07b630be6a
2026-05-12 03:58:55.415,build-agent-03,r.owens,1,chrome.exe,"chrome.exe",launchd,,,SHA256=00106216c327f29600106216c327f29600106216c327f29600106216c327f296
2026-05-12 04:03:31.718,build-agent-03,svc-build,1,slack.exe,"slack.exe",launchd,,,SHA256=00098b78894b363600098b78894b363600098b78894b363600098b78894b3636
2026-05-12 04:06:38.320,build-agent-03,a.chen,1,git,"git",launchd,,,SHA256=0019151032dec99e0019151032dec99e0019151032dec99e0019151032dec99e
2026-05-12 04:10:48.155,FIN-WS22,a.chen,1,outlook.exe,"outlook.exe",explorer.exe,,,SHA256=0008d425916d8a360008d425916d8a360008d425916d8a360008d425916d8a36
2026-05-12 04:13:50.770,HR-LT19,svc-export,1,powershell.exe,"powershell.exe",systemd,,,SHA256=000beb9d8f3eea6a000beb9d8f3eea6a000beb9d8f3eea6a000beb9d8f3eea6a
2026-05-12 04:23:05.576,ENG-FS03,j.patel,1,python3,"python3",systemd,,,SHA256=000a7e3ac1f436db000a7e3ac1f436db000a7e3ac1f436db000a7e3ac1f436db
2026-05-12 04:28:58.743,FIN-WS22,svc-export,1,powershell.exe,"powershell.exe",explorer.exe,,,SHA256=0013a231791b3e9e0013a231791b3e9e0013a231791b3e9e0013a231791b3e9e
2026-05-12 04:34:04.745,HR-LT19,m.sato,1,node,"node",systemd,,,SHA256=0004149ae07317b10004149ae07317b10004149ae07317b10004149ae07317b1
2026-05-12 04:36:50.756,HR-LT19,j.patel,1,git,"git",launchd,,,SHA256=000446d5cdd331f0000446d5cdd331f0000446d5cdd331f0000446d5cdd331f0
2026-05-12 04:48:18.473,VDI-POOL-02,r.owens,1,chrome.exe,"chrome.exe",explorer.exe,,,SHA256=0005df228bfc0a240005df228bfc0a240005df228bfc0a240005df228bfc0a24
2026-05-12 04:59:16.216,VDI-POOL-03,svc-export,1,node,"node",cmd.exe,,,SHA256=00128785afe5e40d00128785afe5e40d00128785afe5e40d00128785afe5e40d
2026-05-12 05:06:45.624,VDI-POOL-03,m.sato,1,powershell.exe,"powershell.exe",explorer.exe,,,SHA256=00010349394bcd7300010349394bcd7300010349394bcd7300010349394bcd73
2026-05-12 05:10:22.224,ENG-FS03,a.chen,1,python3,"python3",launchd,,,SHA256=0018a37bb5021da90018a37bb5021da90018a37bb5021da90018a37bb5021da9
2026-05-12 05:21:26.376,build-agent-03,a.chen,1,outlook.exe,"outlook.exe",systemd,,,SHA256=0018984de28c7bf40018984de28c7bf40018984de28c7bf40018984de28c7bf4
2026-05-12 05:30:38.334,HR-LT19,r.owens,1,outlook.exe,"outlook.exe",explorer.exe,,,SHA256=001d38cff30784e5001d38cff30784e5001d38cff30784e5001d38cff30784e5
2026-05-12 05:39:14.785,build-agent-03,r.owens,1,powershell.exe,"powershell.exe",cmd.exe,,,SHA256=000c88c0597c3988000c88c0597c3988000c88c0597c3988000c88c0597c3988
2026-05-12 05:45:19.375,VDI-POOL-02,svc-export,1,powershell.exe,"powershell.exe",cmd.exe,,,SHA256=00211d4b69bbcce800211d4b69bbcce800211d4b69bbcce800211d4b69bbcce8
2026-05-12 05:55:00.341,VDI-POOL-03,svc-build,1,sshd,"sshd",cmd.exe,,,SHA256=001538869011f360001538869011f360001538869011f360001538869011f360
2026-05-12 05:59:27.095,FIN-WS22,svc-export,1,git,"git",launchd,,,SHA256=0008de039dfadcb60008de039dfadcb60008de039dfadcb60008de039dfadcb6
2026-05-12 06:07:35.810,VDI-POOL-02,r.owens,1,git,"git",cmd.exe,,,SHA256=0002b25851824cf00002b25851824cf00002b25851824cf00002b25851824cf0
2026-05-12 06:16:11.971,VDI-POOL-03,svc-build,1,git,"git",explorer.exe,,,SHA256=0014ce3687d629560014ce3687d629560014ce3687d629560014ce3687d62956
2026-05-12 06:18:44.302,build-agent-03,svc-build,1,sshd,"sshd",launchd,,,SHA256=0000c7eb05e616320000c7eb05e616320000c7eb05e616320000c7eb05e61632
2026-05-12 06:23:07.199,VDI-POOL-02,m.sato,1,powershell.exe,"powershell.exe",launchd,,,SHA256=000779822536bf23000779822536bf23000779822536bf23000779822536bf23
2026-05-12 06:29:04.112,VDI-POOL-02,svc_ediscovery,1,powershell.exe,"powershell.exe",cmd.exe,,,SHA256=00083233a205e71e00083233a205e71e00083233a205e71e00083233a205e71e
2026-05-12 06:40:07.465,HR-LT19,svc-build,1,node,"node",systemd,,,SHA256=0022296755a9b6700022296755a9b6700022296755a9b6700022296755a9b670
2026-05-12 06:44:45.516,build-agent-03,svc_ediscovery,1,slack.exe,"slack.exe",cmd.exe,,,SHA256=000c9af937e2bc68000c9af937e2bc68000c9af937e2bc68000c9af937e2bc68
2026-05-12 06:49:55.749,HR-LT19,m.sato,1,sshd,"sshd",explorer.exe,,,SHA256=00142d77fc7c0f6300142d77fc7c0f6300142d77fc7c0f6300142d77fc7c0f63
2026-05-12 06:56:59.331,VDI-POOL-03,svc_ediscovery,1,git,"git",launchd,,,SHA256=001648cc0daeb17a001648cc0daeb17a001648cc0daeb17a001648cc0daeb17a
2026-05-12 07:00:02.027,FIN-WS22,svc_ediscovery,1,git,"git",explorer.exe,,,SHA256=000f0a3a53f53109000f0a3a53f53109000f0a3a53f53109000f0a3a53f53109
2026-05-12 07:03:12.660,ENG-FS03,svc_ediscovery,1,python3,"python3",cmd.exe,,,SHA256=000d23fb7bdd33b3000d23fb7bdd33b3000d23fb7bdd33b3000d23fb7bdd33b3
2026-05-12 07:09:08.357,build-agent-03,svc-build,1,node,"node",launchd,,,SHA256=000a7aa836f487bf000a7aa836f487bf000a7aa836f487bf000a7aa836f487bf
2026-05-12 07:16:12.886,FIN-WS22,svc-build,1,outlook.exe,"outlook.exe",launchd,,,SHA256=001fe474ecea4ae1001fe474ecea4ae1001fe474ecea4ae1001fe474ecea4ae1
2026-05-12 07:25:15.480,HR-LT19,r.owens,1,chrome.exe,"chrome.exe",systemd,,,SHA256=0018e6552617fec40018e6552617fec40018e6552617fec40018e6552617fec4
2026-05-12 07:32:36.590,ENG-FS03,svc-export,1,outlook.exe,"outlook.exe",explorer.exe,,,SHA256=00181634aa15d2fb00181634aa15d2fb00181634aa15d2fb00181634aa15d2fb
2026-05-12 07:40:36.661,VDI-POOL-02,m.sato,1,node,"node",explorer.exe,,,SHA256=00216ac201a0511800216ac201a0511800216ac201a0511800216ac201a05118
2026-05-12 07:43:25.691,ENG-FS03,a.chen,1,chrome.exe,"chrome.exe",explorer.exe,,,SHA256=001e5416d4ddc321001e5416d4ddc321001e5416d4ddc321001e5416d4ddc321
2026-05-12 07:53:45.149,ENG-FS03,svc-export,1,chrome.exe,"chrome.exe",cmd.exe,,,SHA256=00007c20588b6d9a00007c20588b6d9a00007c20588b6d9a00007c20588b6d9a
2026-05-12 08:00:08.756,FIN-WS22,svc-build,1,chrome.exe,"chrome.exe",systemd,,,SHA256=00116ba4828bddd700116ba4828bddd700116ba4828bddd700116ba4828bddd7
2026-05-12 08:08:12.247,build-agent-03,svc-export,1,git,"git",systemd,,,SHA256=002052e2bb066a60002052e2bb066a60002052e2bb066a60002052e2bb066a60
2026-05-12 08:18:31.015,VDI-POOL-02,a.chen,1,chrome.exe,"chrome.exe",systemd,,,SHA256=00058d249182667f00058d249182667f00058d249182667f00058d249182667f
2026-05-12 08:23:13.603,build-agent-03,j.patel,1,outlook.exe,"outlook.exe",systemd,,,SHA256=00003935cef5c35700003935cef5c35700003935cef5c35700003935cef5c357
2026-05-12 08:30:12.270,FIN-WS22,m.sato,1,slack.exe,"slack.exe",explorer.exe,,,SHA256=0018aea673c3b8170018aea673c3b8170018aea673c3b8170018aea673c3b817
2026-05-12 08:33:11.973,build-agent-03,svc-build,1,slack.exe,"slack.exe",launchd,,,SHA256=0013b935633be01e0013b935633be01e0013b935633be01e0013b935633be01e
2026-05-12 08:42:17.506,VDI-POOL-02,j.patel,1,powershell.exe,"powershell.exe",launchd,,,SHA256=000a99a0c230d934000a99a0c230d934000a99a0c230d934000a99a0c230d934
2026-05-12 08:48:25.313,build-agent-03,j.patel,1,outlook.exe,"outlook.exe",launchd,,,SHA256=0011a424803d1d1f0011a424803d1d1f0011a424803d1d1f0011a424803d1d1f
2026-05-12 08:54:20.628,HR-LT19,m.sato,1,node,"node",launchd,,,SHA256=0008ad1b1632693d0008ad1b1632693d0008ad1b1632693d0008ad1b1632693d
2026-05-12 09:00:59.704,FIN-WS22,a.chen,1,node,"node",systemd,,,SHA256=0002e0a388afd3ed0002e0a388afd3ed0002e0a388afd3ed0002e0a388afd3ed
2026-05-12 09:11:47.373,VDI-POOL-02,svc_ediscovery,1,sshd,"sshd",explorer.exe,,,SHA256=001ff6a09a9282ea001ff6a09a9282ea001ff6a09a9282ea001ff6a09a9282ea
2026-05-12 09:22:47.214,ENG-FS03,m.sato,1,chrome.exe,"chrome.exe",cmd.exe,,,SHA256=000146955c2c1ee3000146955c2c1ee3000146955c2c1ee3000146955c2c1ee3
2026-05-12 09:28:59.097,build-agent-03,j.patel,1,node,"node",explorer.exe,,,SHA256=001e7d50e89d6ffd001e7d50e89d6ffd001e7d50e89d6ffd001e7d50e89d6ffd
2026-05-12 09:35:19.452,VDI-POOL-02,svc-build,1,slack.exe,"slack.exe",launchd,,,SHA256=000940100f4653fc000940100f4653fc000940100f4653fc000940100f4653fc
2026-05-12 09:44:24.716,ENG-FS03,svc-export,1,outlook.exe,"outlook.exe",launchd,,,SHA256=000b28c425834a41000b28c425834a41000b28c425834a41000b28c425834a41
2026-05-12 09:47:48.172,build-agent-03,svc_ediscovery,1,python3,"python3",cmd.exe,,,SHA256=000a09ec7b2672ef000a09ec7b2672ef000a09ec7b2672ef000a09ec7b2672ef
2026-05-12 09:52:03.751,VDI-POOL-02,svc-build,1,slack.exe,"slack.exe",systemd,,,SHA256=000149bb925ae5c3000149bb925ae5c3000149bb925ae5c3000149bb925ae5c3
2026-05-12 09:55:14.922,VDI-POOL-03,svc-export,1,chrome.exe,"chrome.exe",explorer.exe,,,SHA256=0022425fa2fd028e0022425fa2fd028e0022425fa2fd028e0022425fa2fd028e
2026-05-12 10:04:09.021,VDI-POOL-02,svc-export,1,outlook.exe,"outlook.exe",launchd,,,SHA256=001386a409e3a04e001386a409e3a04e001386a409e3a04e001386a409e3a04e
2026-05-12 10:12:12.359,FIN-WS22,svc_ediscovery,1,sshd,"sshd",launchd,,,SHA256=0006a5247b5f195d0006a5247b5f195d0006a5247b5f195d0006a5247b5f195d
2026-05-12 10:14:53.166,FIN-WS22,j.patel,1,git,"git",cmd.exe,,,SHA256=000da5fde48df22b000da5fde48df22b000da5fde48df22b000da5fde48df22b
2026-05-12 10:25:10.464,VDI-POOL-03,m.sato,1,outlook.exe,"outlook.exe",cmd.exe,,,SHA256=0011e426255c8d780011e426255c8d780011e426255c8d780011e426255c8d78
2026-05-12 10:34:08.806,HR-LT19,svc-build,1,python3,"python3",launchd,,,SHA256=0011ca0dd54adc190011ca0dd54adc190011ca0dd54adc190011ca0dd54adc19
2026-05-12 10:45:21.532,VDI-POOL-03,svc-export,1,python3,"python3",cmd.exe,,,SHA256=00232dc7366587a200232dc7366587a200232dc7366587a200232dc7366587a2
2026-05-12 10:48:27.767,VDI-POOL-03,svc_ediscovery,1,node,"node",systemd,,,SHA256=0008fa2152fc8e880008fa2152fc8e880008fa2152fc8e880008fa2152fc8e88
2026-05-12 10:57:08.428,HR-LT19,svc-build,1,chrome.exe,"chrome.exe",launchd,,,SHA256=001bd1b5447bf5a7001bd1b5447bf5a7001bd1b5447bf5a7001bd1b5447bf5a7
2026-05-12 11:06:50.424,VDI-POOL-02,svc-export,1,outlook.exe,"outlook.exe",systemd,,,SHA256=001187d6d6f0e61c001187d6d6f0e61c001187d6d6f0e61c001187d6d6f0e61c
2026-05-12 11:17:01.220,FIN-WS22,m.sato,1,node,"node",cmd.exe,,,SHA256=0001332e347397fd0001332e347397fd0001332e347397fd0001332e347397fd
2026-05-12 11:23:31.842,FIN-WS22,m.sato,1,slack.exe,"slack.exe",explorer.exe,,,SHA256=001877202be19961001877202be19961001877202be19961001877202be19961
2026-05-12 11:28:37.936,FIN-WS22,svc_ediscovery,1,outlook.exe,"outlook.exe",launchd,,,SHA256=000988806003a699000988806003a699000988806003a699000988806003a699
2026-05-12 11:38:57.025,VDI-POOL-02,svc-build,1,slack.exe,"slack.exe",systemd,,,SHA256=00051139af3d33c900051139af3d33c900051139af3d33c900051139af3d33c9
2026-05-12 11:41:45.817,build-agent-03,svc-export,1,powershell.exe,"powershell.exe",explorer.exe,,,SHA256=000d9f9ca6d7490c000d9f9ca6d7490c000d9f9ca6d7490c000d9f9ca6d7490c
2026-05-12 11:44:33.197,ENG-FS03,r.owens,1,sshd,"sshd",cmd.exe,,,SHA256=0018d23e559f39ed0018d23e559f39ed0018d23e559f39ed0018d23e559f39ed
2026-05-12 11:47:10.046,ENG-FS03,svc_ediscovery,1,chrome.exe,"chrome.exe",launchd,,,SHA256=001b307515ca5de2001b307515ca5de2001b307515ca5de2001b307515ca5de2
2026-05-12 11:51:32.671,VDI-POOL-03,svc-build,1,chrome.exe,"chrome.exe",launchd,,,SHA256=00128b296146130300128b296146130300128b296146130300128b2961461303
2026-05-12 11:58:17.582,FIN-WS22,svc-export,1,sshd,"sshd",systemd,,,SHA256=0009651b32544d3a0009651b32544d3a0009651b32544d3a0009651b32544d3a
2026-05-12 12:01:55.483,build-agent-03,r.owens,1,powershell.exe,"powershell.exe",systemd,,,SHA256=001d52214d65939c001d52214d65939c001d52214d65939c001d52214d65939c
2026-05-12 12:11:54.333,FIN-WS22,r.owens,1,node,"node",cmd.exe,,,SHA256=00006ac43cefe2a700006ac43cefe2a700006ac43cefe2a700006ac43cefe2a7
2026-05-12 12:21:26.607,VDI-POOL-03,j.patel,1,sshd,"sshd",systemd,,,SHA256=0016f62188b645a10016f62188b645a10016f62188b645a10016f62188b645a1
2026-05-12 12:30:54.542,build-agent-03,svc-build,1,git,"git",explorer.exe,,,SHA256=000afe1220236a48000afe1220236a48000afe1220236a48000afe1220236a48
2026-05-12 12:41:38.164,VDI-POOL-02,j.patel,1,outlook.exe,"outlook.exe",launchd,,,SHA256=00014572da7ec98e00014572da7ec98e00014572da7ec98e00014572da7ec98e
2026-05-12 12:50:31.870,HR-LT19,svc-build,1,chrome.exe,"chrome.exe",systemd,,,SHA256=0002e68468138d240002e68468138d240002e68468138d240002e68468138d24
2026-05-12 12:56:12.693,build-agent-03,a.chen,1,outlook.exe,"outlook.exe",launchd,,,SHA256=000979d0f124ecf0000979d0f124ecf0000979d0f124ecf0000979d0f124ecf0
2026-05-12 13:07:22.305,FIN-WS22,j.patel,1,powershell.exe,"powershell.exe",systemd,,,SHA256=0015ff1dbc73a8cb0015ff1dbc73a8cb0015ff1dbc73a8cb0015ff1dbc73a8cb
2026-05-12 13:16:39.156,FIN-WS22,m.sato,1,python3,"python3",systemd,,,SHA256=0020cb43028f521c0020cb43028f521c0020cb43028f521c0020cb43028f521c
2026-05-12 13:21:39.621,VDI-POOL-02,m.sato,1,outlook.exe,"outlook.exe",explorer.exe,,,SHA256=001563d266479e29001563d266479e29001563d266479e29001563d266479e29
2026-05-12 13:27:58.987,build-agent-03,svc_ediscovery,1,slack.exe,"slack.exe",systemd,,,SHA256=0022bd0b10d7c5300022bd0b10d7c5300022bd0b10d7c5300022bd0b10d7c530
2026-05-12 13:35:24.778,VDI-POOL-03,m.sato,1,sshd,"sshd",explorer.exe,,,SHA256=0016946c8f3a53ab0016946c8f3a53ab0016946c8f3a53ab0016946c8f3a53ab
2026-05-12 13:40:15.110,build-agent-03,r.owens,1,slack.exe,"slack.exe",cmd.exe,,,SHA256=0007cd6134739a4d0007cd6134739a4d0007cd6134739a4d0007cd6134739a4d
2026-05-12 13:50:01.232,build-agent-03,a.chen,1,git,"git",explorer.exe,,,SHA256=001bcc2a3cd96697001bcc2a3cd96697001bcc2a3cd96697001bcc2a3cd96697
2026-05-12 14:01:22.485,ENG-FS03,svc-export,1,outlook.exe,"outlook.exe",systemd,,,SHA256=0016a744382ab1140016a744382ab1140016a744382ab1140016a744382ab114
2026-05-12 14:12:08.790,ENG-FS03,svc-build,1,node,"node",cmd.exe,,,SHA256=001d63b4ff90c7a6001d63b4ff90c7a6001d63b4ff90c7a6001d63b4ff90c7a6
2026-05-12 14:16:34.358,VDI-POOL-03,svc_ediscovery,1,git,"git",systemd,,,SHA256=001626c460def960001626c460def960001626c460def960001626c460def960
2026-05-12 14:23:39.238,FIN-WS22,svc_ediscovery,1,sshd,"sshd",explorer.exe,,,SHA256=00091a803c643ee400091a803c643ee400091a803c643ee400091a803c643ee4
2026-05-12 14:26:44.020,HR-LT19,j.patel,1,chrome.exe,"chrome.exe",systemd,,,SHA256=00038f96c0ef954400038f96c0ef954400038f96c0ef954400038f96c0ef9544
2026-05-12 14:29:37.621,ENG-FS03,svc_ediscovery,1,outlook.exe,"outlook.exe",systemd,,,SHA256=0006a913c31a12cc0006a913c31a12cc0006a913c31a12cc0006a913c31a12cc
2026-05-12 14:34:37.511,VDI-POOL-03,svc_ediscovery,1,outlook.exe,"outlook.exe",launchd,,,SHA256=00214b493b50f44800214b493b50f44800214b493b50f44800214b493b50f448
2026-05-12 14:38:23.665,build-agent-03,svc_ediscovery,1,git,"git",systemd,,,SHA256=001a20ff10b14e9e001a20ff10b14e9e001a20ff10b14e9e001a20ff10b14e9e
2026-05-12 14:41:58.315,build-agent-03,svc_ediscovery,1,outlook.exe,"outlook.exe",cmd.exe,,,SHA256=0009407ba33083dd0009407ba33083dd0009407ba33083dd0009407ba33083dd
2026-05-12 14:48:48.443,HR-LT19,svc-export,1,python3,"python3",systemd,,,SHA256=00135b3de6bb640300135b3de6bb640300135b3de6bb640300135b3de6bb6403
2026-05-12 14:56:00.725,VDI-POOL-02,svc-build,1,python3,"python3",launchd,,,SHA256=00126ade5a84d12800126ade5a84d12800126ade5a84d12800126ade5a84d128
2026-05-12 15:06:52.055,build-agent-03,svc-export,1,outlook.exe,"outlook.exe",explorer.exe,,,SHA256=0010f4d74d5c23e20010f4d74d5c23e20010f4d74d5c23e20010f4d74d5c23e2
2026-05-12 15:11:14.196,HR-LT19,svc_ediscovery,1,chrome.exe,"chrome.exe",explorer.exe,,,SHA256=000e9ca13c9f37ee000e9ca13c9f37ee000e9ca13c9f37ee000e9ca13c9f37ee
2026-05-12 15:20:08.660,ENG-FS03,m.sato,1,outlook.exe,"outlook.exe",cmd.exe,,,SHA256=001860ed04d64a82001860ed04d64a82001860ed04d64a82001860ed04d64a82
2026-05-12 15:29:36.602,VDI-POOL-03,m.sato,1,outlook.exe,"outlook.exe",systemd,,,SHA256=000193125cc97adb000193125cc97adb000193125cc97adb000193125cc97adb
2026-05-12 15:39:15.878,build-agent-03,svc-export,1,git,"git",systemd,,,SHA256=0014041ec28f1ae30014041ec28f1ae30014041ec28f1ae30014041ec28f1ae3
2026-05-12 15:50:39.955,FIN-WS22,r.owens,1,outlook.exe,"outlook.exe",explorer.exe,,,SHA256=002079b799f4e0fa002079b799f4e0fa002079b799f4e0fa002079b799f4e0fa
2026-05-12 16:00:06.157,build-agent-03,svc-export,1,slack.exe,"slack.exe",cmd.exe,,,SHA256=000a62766418c558000a62766418c558000a62766418c558000a62766418c558
2026-05-12 16:09:27.769,build-agent-03,svc_ediscovery,1,slack.exe,"slack.exe",cmd.exe,,,SHA256=0014dce8efc3b4710014dce8efc3b4710014dce8efc3b4710014dce8efc3b471
2026-05-12 16:20:08.363,VDI-POOL-03,r.owens,1,node,"node",explorer.exe,,,SHA256=00233ce9ff41956800233ce9ff41956800233ce9ff41956800233ce9ff419568
2026-05-12 16:27:28.872,FIN-WS22,r.owens,1,outlook.exe,"outlook.exe",explorer.exe,,,SHA256=00066bb9e4b83e7b00066bb9e4b83e7b00066bb9e4b83e7b00066bb9e4b83e7b
2026-05-12 16:31:48.454,VDI-POOL-02,svc-build,1,chrome.exe,"chrome.exe",systemd,,,SHA256=00185d3d521622e500185d3d521622e500185d3d521622e500185d3d521622e5
2026-05-12 16:35:08.095,VDI-POOL-03,r.owens,1,chrome.exe,"chrome.exe",explorer.exe,,,SHA256=000020044bd99ca9000020044bd99ca9000020044bd99ca9000020044bd99ca9
2026-05-12 16:42:28.728,VDI-POOL-03,svc_ediscovery,1,node,"node",cmd.exe,,,SHA256=0014a6e21d86024b0014a6e21d86024b0014a6e21d86024b0014a6e21d86024b
2026-05-12 16:53:39.894,HR-LT19,svc_ediscovery,1,python3,"python3",cmd.exe,,,SHA256=002268e981b90b5c002268e981b90b5c002268e981b90b5c002268e981b90b5c
2026-05-12 16:59:05.768,VDI-POOL-02,j.patel,1,git,"git",cmd.exe,,,SHA256=000deb1bda26b05d000deb1bda26b05d000deb1bda26b05d000deb1bda26b05d
2026-05-12 17:01:46.580,build-agent-03,j.patel,1,outlook.exe,"outlook.exe",launchd,,,SHA256=00168c653fd5817c00168c653fd5817c00168c653fd5817c00168c653fd5817c
2026-05-12 17:06:17.822,FIN-WS22,svc_ediscovery,1,node,"node",systemd,,,SHA256=00186f56d8e7b4fd00186f56d8e7b4fd00186f56d8e7b4fd00186f56d8e7b4fd
2026-05-12 17:16:28.472,ENG-FS03,svc-export,1,chrome.exe,"chrome.exe",launchd,,,SHA256=002318cdf667b97c002318cdf667b97c002318cdf667b97c002318cdf667b97c
2026-05-12 17:26:12.985,VDI-POOL-03,svc-export,1,node,"node",systemd,,,SHA256=001225f664dd394a001225f664dd394a001225f664dd394a001225f664dd394a
2026-05-12 17:29:08.891,FIN-WS22,j.patel,1,outlook.exe,"outlook.exe",systemd,,,SHA256=000b683d93a40390000b683d93a40390000b683d93a40390000b683d93a40390
2026-05-12 17:34:00.175,VDI-POOL-03,a.chen,1,git,"git",explorer.exe,,,SHA256=001a146fb1cc8cff001a146fb1cc8cff001a146fb1cc8cff001a146fb1cc8cff
2026-05-12 17:41:02.554,ENG-FS03,svc_ediscovery,1,sshd,"sshd",cmd.exe,,,SHA256=001d3379fcea7d2f001d3379fcea7d2f001d3379fcea7d2f001d3379fcea7d2f
2026-05-12 17:48:25.529,FIN-WS22,r.owens,1,powershell.exe,"powershell.exe",cmd.exe,,,SHA256=0020237bf4bf570a0020237bf4bf570a0020237bf4bf570a0020237bf4bf570a
2026-05-12 17:53:51.555,build-agent-03,r.owens,1,powershell.exe,"powershell.exe",cmd.exe,,,SHA256=0019de0799cf89c60019de0799cf89c60019de0799cf89c60019de0799cf89c6
2026-05-12 18:00:47.444,HR-LT19,svc_ediscovery,1,chrome.exe,"chrome.exe",systemd,,,SHA256=001397b0aa296d69001397b0aa296d69001397b0aa296d69001397b0aa296d69
2026-05-12 18:03:18.725,VDI-POOL-02,r.owens,1,sshd,"sshd",systemd,,,SHA256=0005a79f1e12a8bd0005a79f1e12a8bd0005a79f1e12a8bd0005a79f1e12a8bd
2026-05-12 18:13:44.145,VDI-POOL-02,svc_ediscovery,1,outlook.exe,"outlook.exe",systemd,,,SHA256=0006e362ad0d904a0006e362ad0d904a0006e362ad0d904a0006e362ad0d904a
2026-05-12 18:24:03.810,HR-LT19,svc_ediscovery,1,python3,"python3",explorer.exe,,,SHA256=0022fc94f79904ae0022fc94f79904ae0022fc94f79904ae0022fc94f79904ae
2026-05-12 18:30:18.270,VDI-POOL-03,svc_ediscovery,1,node,"node",launchd,,,SHA256=0012f94cadc084650012f94cadc084650012f94cadc084650012f94cadc08465
2026-05-12 18:33:33.516,FIN-WS22,m.sato,1,python3,"python3",systemd,,,SHA256=000c047bacc457e3000c047bacc457e3000c047bacc457e3000c047bacc457e3
2026-05-12 18:37:03.581,HR-LT19,svc-export,1,powershell.exe,"powershell.exe",cmd.exe,,,SHA256=00143713125c489300143713125c489300143713125c489300143713125c4893
2026-05-12 18:44:52.111,ENG-FS03,r.owens,1,python3,"python3",explorer.exe,,,SHA256=00168fcf1dc6021000168fcf1dc6021000168fcf1dc6021000168fcf1dc60210
2026-05-12 18:52:49.551,VDI-POOL-03,j.patel,1,slack.exe,"slack.exe",launchd,,,SHA256=0015833815aa62b20015833815aa62b20015833815aa62b20015833815aa62b2
2026-05-12 19:02:44.866,build-agent-03,svc-export,1,python3,"python3",explorer.exe,,,SHA256=00074d5376036b5000074d5376036b5000074d5376036b5000074d5376036b50
2026-05-12 19:08:00.189,build-agent-03,svc_ediscovery,1,outlook.exe,"outlook.exe",cmd.exe,,,SHA256=000eaca8992c7fbb000eaca8992c7fbb000eaca8992c7fbb000eaca8992c7fbb
2026-05-12 19:11:42.297,ENG-FS03,svc_ediscovery,1,slack.exe,"slack.exe",cmd.exe,,,SHA256=002005bea4d91064002005bea4d91064002005bea4d91064002005bea4d91064
2026-05-12 19:18:14.105,FIN-WS22,m.sato,1,node,"node",cmd.exe,,,SHA256=002378d2966ce322002378d2966ce322002378d2966ce322002378d2966ce322
2026-05-12 19:21:58.733,VDI-POOL-02,svc-build,1,python3,"python3",explorer.exe,,,SHA256=000a1ea7b1f4d428000a1ea7b1f4d428000a1ea7b1f4d428000a1ea7b1f4d428
2026-05-12 19:28:33.416,build-agent-03,m.sato,1,node,"node",launchd,,,SHA256=001a31e6dc1e6171001a31e6dc1e6171001a31e6dc1e6171001a31e6dc1e6171
2026-05-12 19:35:54.406,build-agent-03,svc_ediscovery,1,slack.exe,"slack.exe",explorer.exe,,,SHA256=0009440fcdb072580009440fcdb072580009440fcdb072580009440fcdb07258
2026-05-12 19:39:59.751,VDI-POOL-02,j.patel,1,powershell.exe,"powershell.exe",systemd,,,SHA256=001e0f5ed99be21f001e0f5ed99be21f001e0f5ed99be21f001e0f5ed99be21f
2026-05-12 19:43:15.867,build-agent-03,a.chen,1,sshd,"sshd",cmd.exe,,,SHA256=00093cf9a9852f8300093cf9a9852f8300093cf9a9852f8300093cf9a9852f83
2026-05-12 19:53:56.213,FIN-WS22,a.chen,1,chrome.exe,"chrome.exe",launchd,,,SHA256=000f41768fe4a4b4000f41768fe4a4b4000f41768fe4a4b4000f41768fe4a4b4
2026-05-12 20:02:45.151,ENG-FS03,r.owens,1,chrome.exe,"chrome.exe",systemd,,,SHA256=000bdd3b229b224e000bdd3b229b224e000bdd3b229b224e000bdd3b229b224e
2026-05-12 20:07:24.792,FIN-WS22,svc_ediscovery,1,git,"git",cmd.exe,,,SHA256=0014d8f66189c5210014d8f66189c5210014d8f66189c5210014d8f66189c521
2026-05-12 20:18:53.746,HR-LT19,svc-build,1,slack.exe,"slack.exe",cmd.exe,,,SHA256=001b5982ddffb1ed001b5982ddffb1ed001b5982ddffb1ed001b5982ddffb1ed
2026-05-12 20:22:49.348,FIN-WS22,r.owens,1,powershell.exe,"powershell.exe",cmd.exe,,,SHA256=000b255af00cbb5b000b255af00cbb5b000b255af00cbb5b000b255af00cbb5b
2026-05-12 20:31:13.056,HR-LT19,j.patel,1,slack.exe,"slack.exe",systemd,,,SHA256=00030c7c9e4e25dc00030c7c9e4e25dc00030c7c9e4e25dc00030c7c9e4e25dc
2026-05-12 20:42:24.904,ENG-FS03,m.sato,1,powershell.exe,"powershell.exe",explorer.exe,,,SHA256=00066a6638ffd23800066a6638ffd23800066a6638ffd23800066a6638ffd238
2026-05-12 20:48:38.650,VDI-POOL-02,svc-export,1,slack.exe,"slack.exe",cmd.exe,,,SHA256=00124e5cc4cc62e500124e5cc4cc62e500124e5cc4cc62e500124e5cc4cc62e5
2026-05-12 20:59:14.619,HR-LT19,svc-export,1,node,"node",cmd.exe,,,SHA256=0000df78a88bd18d0000df78a88bd18d0000df78a88bd18d0000df78a88bd18d
2026-05-12 21:07:41.237,ENG-FS03,r.owens,1,sshd,"sshd",launchd,,,SHA256=000c116ef350314d000c116ef350314d000c116ef350314d000c116ef350314d
2026-05-12 21:15:06.431,VDI-POOL-03,r.owens,1,chrome.exe,"chrome.exe",launchd,,,SHA256=0004ec957d4557860004ec957d4557860004ec957d4557860004ec957d455786
2026-05-12 21:25:02.911,VDI-POOL-03,a.chen,1,outlook.exe,"outlook.exe",systemd,,,SHA256=001825755461a85f001825755461a85f001825755461a85f001825755461a85f
2026-05-12 21:31:21.984,VDI-POOL-02,svc-build,1,python3,"python3",systemd,,,SHA256=0018927de8dd9d480018927de8dd9d480018927de8dd9d480018927de8dd9d48
2026-05-12 21:34:52.856,build-agent-03,svc_ediscovery,1,git,"git",systemd,,,SHA256=00156e3f18499b1e00156e3f18499b1e00156e3f18499b1e00156e3f18499b1e
2026-05-12 21:40:21.091,build-agent-03,j.patel,1,node,"node",explorer.exe,,,SHA256=000cf6b993b0a2c3000cf6b993b0a2c3000cf6b993b0a2c3000cf6b993b0a2c3
2026-05-12 21:45:02.308,VDI-POOL-02,r.owens,1,outlook.exe,"outlook.exe",systemd,,,SHA256=00177b296659224400177b296659224400177b296659224400177b2966592244
2026-05-12 21:50:25.587,HR-LT19,svc_ediscovery,1,outlook.exe,"outlook.exe",explorer.exe,,,SHA256=000f90dbf3e7fddb000f90dbf3e7fddb000f90dbf3e7fddb000f90dbf3e7fddb
2026-05-12 21:55:14.212,VDI-POOL-02,svc_ediscovery,1,git,"git",launchd,,,SHA256=00075bd556449f8000075bd556449f8000075bd556449f8000075bd556449f80
2026-05-12 22:01:37.079,VDI-POOL-02,svc_ediscovery,1,git,"git",explorer.exe,,,SHA256=001ccd21c9c5c8ba001ccd21c9c5c8ba001ccd21c9c5c8ba001ccd21c9c5c8ba
2026-05-12 22:09:08.617,FIN-WS22,a.chen,1,node,"node",launchd,,,SHA256=000424b97af6d5ef000424b97af6d5ef000424b97af6d5ef000424b97af6d5ef
2026-05-12 22:16:03.694,ENG-FS03,m.sato,1,node,"node",explorer.exe,,,SHA256=00188ede08356b6e00188ede08356b6e00188ede08356b6e00188ede08356b6e
2026-05-12 22:25:00.502,VDI-POOL-03,svc-build,1,git,"git",systemd,,,SHA256=001adf1c899af3da001adf1c899af3da001adf1c899af3da001adf1c899af3da
2026-05-12 22:33:21.585,build-agent-03,r.owens,1,slack.exe,"slack.exe",cmd.exe,,,SHA256=00216fc310a03cc800216fc310a03cc800216fc310a03cc800216fc310a03cc8
2026-05-12 22:42:32.325,ENG-FS03,m.sato,1,git,"git",explorer.exe,,,SHA256=000b69f7cfdba9b0000b69f7cfdba9b0000b69f7cfdba9b0000b69f7cfdba9b0
2026-05-12 22:49:17.540,ENG-FS03,svc_ediscovery,1,powershell.exe,"powershell.exe",cmd.exe,,,SHA256=000ad815962f3677000ad815962f3677000ad815962f3677000ad815962f3677
2026-05-12 22:59:19.235,ENG-FS03,a.chen,1,outlook.exe,"outlook.exe",explorer.exe,,,SHA256=001fc0e1a7c7aa45001fc0e1a7c7aa45001fc0e1a7c7aa45001fc0e1a7c7aa45
2026-05-12 23:08:09.714,FIN-WS22,r.owens,1,git,"git",cmd.exe,,,SHA256=00008668b329386200008668b329386200008668b329386200008668b3293862
2026-05-12 23:18:10.495,ENG-FS03,m.sato,1,python3,"python3",cmd.exe,,,SHA256=001db6660adf304b001db6660adf304b001db6660adf304b001db6660adf304b
2026-05-12 23:21:24.073,ENG-FS03,a.chen,1,sshd,"sshd",systemd,,,SHA256=0011a7e3ceae97450011a7e3ceae97450011a7e3ceae97450011a7e3ceae9745
2026-05-12 23:31:26.300,VDI-POOL-02,svc-export,1,node,"node",systemd,,,SHA256=000d5e64f5ee6510000d5e64f5ee6510000d5e64f5ee6510000d5e64f5ee6510
2026-05-12 23:40:54.814,VDI-POOL-02,a.chen,1,outlook.exe,"outlook.exe",launchd,,,SHA256=0006386ee69cf28e0006386ee69cf28e0006386ee69cf28e0006386ee69cf28e
2026-05-12 23:50:14.790,VDI-POOL-02,svc-build,1,python3,"python3",explorer.exe,,,SHA256=0011804866d9c4780011804866d9c4780011804866d9c4780011804866d9c478
2026-05-12 23:55:57.614,FIN-WS22,svc-build,1,outlook.exe,"outlook.exe",systemd,,,SHA256=00151a2fced08d7800151a2fced08d7800151a2fced08d7800151a2fced08d78
2026-05-13 00:05:29.692,VDI-POOL-03,r.owens,1,chrome.exe,"chrome.exe",launchd,,,SHA256=0010784d434ada3c0010784d434ada3c0010784d434ada3c0010784d434ada3c
2026-05-13 00:11:15.209,VDI-POOL-03,j.patel,1,powershell.exe,"powershell.exe",cmd.exe,,,SHA256=000c9ca9f852a766000c9ca9f852a766000c9ca9f852a766000c9ca9f852a766
2026-05-13 00:22:14.648,VDI-POOL-03,svc_ediscovery,1,git,"git",launchd,,,SHA256=001857c982dcf463001857c982dcf463001857c982dcf463001857c982dcf463
2026-05-13 00:32:15.415,build-agent-03,a.chen,1,powershell.exe,"powershell.exe",launchd,,,SHA256=00152370651c8f8400152370651c8f8400152370651c8f8400152370651c8f84
2026-05-13 00:37:55.894,VDI-POOL-03,a.chen,1,powershell.exe,"powershell.exe",explorer.exe,,,SHA256=0015fffd2788a6ff0015fffd2788a6ff0015fffd2788a6ff0015fffd2788a6ff
2026-05-13 00:44:32.337,ENG-FS03,j.patel,1,outlook.exe,"outlook.exe",launchd,,,SHA256=00234c6ad3db6f9a00234c6ad3db6f9a00234c6ad3db6f9a00234c6ad3db6f9a
2026-05-13 00:53:50.620,ENG-FS03,svc-build,1,sshd,"sshd",launchd,,,SHA256=0022d8b676503d2c0022d8b676503d2c0022d8b676503d2c0022d8b676503d2c
2026-05-13 00:57:22.129,FIN-WS22,j.patel,1,slack.exe,"slack.exe",cmd.exe,,,SHA256=00134a9112740a3300134a9112740a3300134a9112740a3300134a9112740a33
2026-05-13 01:03:53.914,build-agent-03,svc-build,1,node,"node",explorer.exe,,,SHA256=0012a1d032cc73430012a1d032cc73430012a1d032cc73430012a1d032cc7343
2026-05-13 01:06:35.299,HR-LT19,svc-build,1,outlook.exe,"outlook.exe",systemd,,,SHA256=001415a29624e7ee001415a29624e7ee001415a29624e7ee001415a29624e7ee
2026-05-13 01:15:52.861,VDI-POOL-02,svc-export,1,python3,"python3",systemd,,,SHA256=00015922d6bf166400015922d6bf166400015922d6bf166400015922d6bf1664
2026-05-13 01:25:08.181,FIN-WS22,svc-build,1,sshd,"sshd",launchd,,,SHA256=0019407c05ceb0220019407c05ceb0220019407c05ceb0220019407c05ceb022
2026-05-13 01:32:51.979,ENG-FS03,a.chen,1,powershell.exe,"powershell.exe",systemd,,,SHA256=000e5b9f01276526000e5b9f01276526000e5b9f01276526000e5b9f01276526
2026-05-13 01:42:26.807,HR-LT19,svc_ediscovery,1,slack.exe,"slack.exe",systemd,,,SHA256=0020c23e9970a8b60020c23e9970a8b60020c23e9970a8b60020c23e9970a8b6
2026-05-13 01:51:39.777,ENG-FS03,m.sato,1,git,"git",systemd,,,SHA256=001dce023f974d98001dce023f974d98001dce023f974d98001dce023f974d98
2026-05-13 01:58:17.053,build-agent-03,svc-export,1,python3,"python3",cmd.exe,,,SHA256=0015476433419940001547643341994000154764334199400015476433419940
2026-05-13 02:01:41.890,VDI-POOL-03,a.chen,1,git,"git",cmd.exe,,,SHA256=0017a67ca135e47a0017a67ca135e47a0017a67ca135e47a0017a67ca135e47a
2026-05-13 02:07:25.548,VDI-POOL-03,svc_ediscovery,1,outlook.exe,"outlook.exe",explorer.exe,,,SHA256=000fe2d9cf4b8d5f000fe2d9cf4b8d5f000fe2d9cf4b8d5f000fe2d9cf4b8d5f
2026-05-13 02:15:51.828,ENG-FS03,a.chen,1,sshd,"sshd",systemd,,,SHA256=00085ac6a0c3b1c000085ac6a0c3b1c000085ac6a0c3b1c000085ac6a0c3b1c0
2026-05-13 02:23:56.466,build-agent-03,a.chen,1,chrome.exe,"chrome.exe",explorer.exe,,,SHA256=001a859945553255001a859945553255001a859945553255001a859945553255
2026-05-13 02:28:26.023,ENG-FS03,j.patel,1,python3,"python3",systemd,,,SHA256=001e33ad4de9ae45001e33ad4de9ae45001e33ad4de9ae45001e33ad4de9ae45
2026-05-13 02:36:39.942,VDI-POOL-03,svc_ediscovery,1,outlook.exe,"outlook.exe",cmd.exe,,,SHA256=0000ca70525dcbe60000ca70525dcbe60000ca70525dcbe60000ca70525dcbe6
2026-05-13 02:41:15.487,build-agent-03,r.owens,1,outlook.exe,"outlook.exe",systemd,,,SHA256=001c93ffeac90ecd001c93ffeac90ecd001c93ffeac90ecd001c93ffeac90ecd
2026-05-13 02:44:48.475,HR-LT19,svc-build,1,chrome.exe,"chrome.exe",explorer.exe,,,SHA256=000c93445a62fc77000c93445a62fc77000c93445a62fc77000c93445a62fc77
2026-05-13 02:55:01.995,build-agent-03,svc_ediscovery,1,outlook.exe,"outlook.exe",explorer.exe,,,SHA256=001fd1adcac23840001fd1adcac23840001fd1adcac23840001fd1adcac23840
2026-05-13 03:02:28.319,VDI-POOL-02,m.sato,1,git,"git",launchd,,,SHA256=001ca932053edc61001ca932053edc61001ca932053edc61001ca932053edc61
2026-05-13 03:09:32.361,build-agent-03,svc-build,1,powershell.exe,"powershell.exe",launchd,,,SHA256=0000bc5f737879230000bc5f737879230000bc5f737879230000bc5f73787923
2026-05-13 03:16:13.469,build-agent-03,j.patel,1,chrome.exe,"chrome.exe",cmd.exe,,,SHA256=00198885eb851c9500198885eb851c9500198885eb851c9500198885eb851c95
2026-05-13 03:21:19.984,VDI-POOL-02,j.patel,1,powershell.exe,"powershell.exe",launchd,,,SHA256=00195d81a36f645900195d81a36f645900195d81a36f645900195d81a36f6459
2026-05-13 03:24:40.494,build-agent-03,svc-export,1,git,"git",launchd,,,SHA256=001d77154c943074001d77154c943074001d77154c943074001d77154c943074
2026-05-13 03:28:28.460,HR-LT19,m.sato,1,chrome.exe,"chrome.exe",launchd,,,SHA256=001a2dca4862e91a001a2dca4862e91a001a2dca4862e91a001a2dca4862e91a
2026-05-13 03:33:23.074,ENG-FS03,j.patel,1,chrome.exe,"chrome.exe",launchd,,,SHA256=00112ab2c089baee00112ab2c089baee00112ab2c089baee00112ab2c089baee
2026-05-13 03:41:27.703,ENG-FS03,svc-export,1,git,"git",launchd,,,SHA256=0002ce2d2e6084320002ce2d2e6084320002ce2d2e6084320002ce2d2e608432
2026-05-13 03:50:15.747,HR-LT19,svc-build,1,outlook.exe,"outlook.exe",systemd,,,SHA256=000df3a24204badb000df3a24204badb000df3a24204badb000df3a24204badb
2026-05-13 03:57:38.622,build-agent-03,m.sato,1,python3,"python3",cmd.exe,,,SHA256=0022cab41964267e0022cab41964267e0022cab41964267e0022cab41964267e
2026-05-13 04:08:56.965,build-agent-03,svc_ediscovery,1,outlook.exe,"outlook.exe",systemd,,,SHA256=0018b5bbcc7c32980018b5bbcc7c32980018b5bbcc7c32980018b5bbcc7c3298
2026-05-13 04:11:58.032,HR-LT19,svc_ediscovery,1,git,"git",cmd.exe,,,SHA256=001d684031c1aca3001d684031c1aca3001d684031c1aca3001d684031c1aca3
2026-05-13 04:22:32.218,VDI-POOL-03,m.sato,1,outlook.exe,"outlook.exe",cmd.exe,,,SHA256=000a4bcf63f146e4000a4bcf63f146e4000a4bcf63f146e4000a4bcf63f146e4
2026-05-13 04:32:01.106,HR-LT19,svc-build,1,outlook.exe,"outlook.exe",cmd.exe,,,SHA256=0001f8cce22a040e0001f8cce22a040e0001f8cce22a040e0001f8cce22a040e
2026-05-13 04:43:18.584,build-agent-03,svc_ediscovery,1,python3,"python3",launchd,,,SHA256=00183dc2a77110fc00183dc2a77110fc00183dc2a77110fc00183dc2a77110fc
2026-05-13 04:45:54.306,VDI-POOL-02,svc_ediscovery,1,git,"git",launchd,,,SHA256=000d4d065d9c5932000d4d065d9c5932000d4d065d9c5932000d4d065d9c5932
2026-05-13 04:51:02.700,VDI-POOL-03,a.chen,1,powershell.exe,"powershell.exe",explorer.exe,,,SHA256=001d9d833ff99ff4001d9d833ff99ff4001d9d833ff99ff4001d9d833ff99ff4
2026-05-13 04:56:37.328,VDI-POOL-03,svc-build,1,chrome.exe,"chrome.exe",explorer.exe,,,SHA256=00229a1097a3eb0000229a1097a3eb0000229a1097a3eb0000229a1097a3eb00
2026-05-13 05:07:44.767,ENG-FS03,j.patel,1,node,"node",cmd.exe,,,SHA256=001a1801a1a4e557001a1801a1a4e557001a1801a1a4e557001a1801a1a4e557
2026-05-13 05:19:08.262,VDI-POOL-02,m.sato,1,chrome.exe,"chrome.exe",cmd.exe,,,SHA256=00130c1815335fa000130c1815335fa000130c1815335fa000130c1815335fa0
2026-05-13 05:29:31.841,FIN-WS22,a.chen,1,python3,"python3",systemd,,,SHA256=0018d1c8a88d89000018d1c8a88d89000018d1c8a88d89000018d1c8a88d8900
2026-05-13 05:38:31.759,build-agent-03,svc_ediscovery,1,git,"git",launchd,,,SHA256=000645b2eb91b678000645b2eb91b678000645b2eb91b678000645b2eb91b678
2026-05-13 05:46:44.268,VDI-POOL-02,svc-export,1,chrome.exe,"chrome.exe",systemd,,,SHA256=00157e9ca2a2e03800157e9ca2a2e03800157e9ca2a2e03800157e9ca2a2e038
2026-05-13 05:52:05.636,ENG-FS03,svc-export,1,outlook.exe,"outlook.exe",systemd,,,SHA256=0017dfefff3b335e0017dfefff3b335e0017dfefff3b335e0017dfefff3b335e
2026-05-13 06:00:09.754,build-agent-03,svc-export,1,slack.exe,"slack.exe",launchd,,,SHA256=00147071a44e841300147071a44e841300147071a44e841300147071a44e8413
2026-05-13 06:09:26.979,VDI-POOL-02,r.owens,1,node,"node",cmd.exe,,,SHA256=0014bafedd55df160014bafedd55df160014bafedd55df160014bafedd55df16
2026-05-13 06:18:40.200,HR-LT19,svc-export,1,powershell.exe,"powershell.exe",explorer.exe,,,SHA256=001d1ffbe2ba4307001d1ffbe2ba4307001d1ffbe2ba4307001d1ffbe2ba4307
2026-05-13 06:27:14.419,FIN-WS22,j.patel,1,git,"git",explorer.exe,,,SHA256=0004c33246c779110004c33246c779110004c33246c779110004c33246c77911
2026-05-13 06:33:17.028,build-agent-03,svc-export,1,chrome.exe,"chrome.exe",cmd.exe,,,SHA256=0016a0be49f769cc0016a0be49f769cc0016a0be49f769cc0016a0be49f769cc
2026-05-13 06:43:08.887,ENG-FS03,svc-build,1,chrome.exe,"chrome.exe",explorer.exe,,,SHA256=0021c7a7939bf6680021c7a7939bf6680021c7a7939bf6680021c7a7939bf668
2026-05-13 06:49:11.378,ENG-FS03,a.chen,1,node,"node",launchd,,,SHA256=001c7001e03c9f7a001c7001e03c9f7a001c7001e03c9f7a001c7001e03c9f7a
2026-05-13 06:55:30.776,HR-LT19,j.patel,1,node,"node",cmd.exe,,,SHA256=0001192d2f63ea130001192d2f63ea130001192d2f63ea130001192d2f63ea13
2026-05-13 06:59:56.156,VDI-POOL-03,svc-build,1,chrome.exe,"chrome.exe",explorer.exe,,,SHA256=001d158d7692d0df001d158d7692d0df001d158d7692d0df001d158d7692d0df
2026-05-13 07:09:57.070,VDI-POOL-03,r.owens,1,python3,"python3",cmd.exe,,,SHA256=00133079853a727100133079853a727100133079853a727100133079853a7271
2026-05-13 07:18:27.566,build-agent-03,a.chen,1,slack.exe,"slack.exe",cmd.exe,,,SHA256=001c6bbd9ecbe71f001c6bbd9ecbe71f001c6bbd9ecbe71f001c6bbd9ecbe71f
2026-05-13 07:27:57.610,build-agent-03,svc-build,1,outlook.exe,"outlook.exe",explorer.exe,,,SHA256=000acdc93d5487f4000acdc93d5487f4000acdc93d5487f4000acdc93d5487f4
2026-05-13 07:37:24.353,FIN-WS22,m.sato,1,outlook.exe,"outlook.exe",systemd,,,SHA256=002050400ebd4592002050400ebd4592002050400ebd4592002050400ebd4592
2026-05-13 07:40:35.319,VDI-POOL-02,a.chen,1,chrome.exe,"chrome.exe",explorer.exe,,,SHA256=0003986da5fcc9290003986da5fcc9290003986da5fcc9290003986da5fcc929
2026-05-13 07:48:33.633,HR-LT19,svc_ediscovery,1,sshd,"sshd",explorer.exe,,,SHA256=00171ef822714ad800171ef822714ad800171ef822714ad800171ef822714ad8
2026-05-13 07:57:50.789,build-agent-03,r.owens,1,sshd,"sshd",launchd,,,SHA256=0004247c70051ff30004247c70051ff30004247c70051ff30004247c70051ff3
2026-05-13 08:03:02.798,VDI-POOL-03,svc-export,1,python3,"python3",cmd.exe,,,SHA256=00103a4ecaf3513f00103a4ecaf3513f00103a4ecaf3513f00103a4ecaf3513f
2026-05-13 08:12:37.315,ENG-FS03,m.sato,1,slack.exe,"slack.exe",explorer.exe,,,SHA256=0005ed110716dbfe0005ed110716dbfe0005ed110716dbfe0005ed110716dbfe
2026-05-13 08:19:17.616,VDI-POOL-02,svc_ediscovery,1,git,"git",systemd,,,SHA256=000b8e595541ea57000b8e595541ea57000b8e595541ea57000b8e595541ea57
2026-05-13 08:30:28.029,HR-LT19,r.owens,1,node,"node",launchd,,,SHA256=0013af4e1ee71e880013af4e1ee71e880013af4e1ee71e880013af4e1ee71e88
2026-05-13 08:39:37.268,VDI-POOL-02,j.patel,1,node,"node",cmd.exe,,,SHA256=001123776e6d51d6001123776e6d51d6001123776e6d51d6001123776e6d51d6
2026-05-13 08:47:42.460,VDI-POOL-02,r.owens,1,slack.exe,"slack.exe",launchd,,,SHA256=0017740aaa45b34f0017740aaa45b34f0017740aaa45b34f0017740aaa45b34f
2026-05-13 08:52:37.686,VDI-POOL-02,r.owens,1,sshd,"sshd",systemd,,,SHA256=000af83f780f53a8000af83f780f53a8000af83f780f53a8000af83f780f53a8
2026-05-13 08:56:55.432,ENG-FS03,r.owens,1,slack.exe,"slack.exe",cmd.exe,,,SHA256=0016af658af4b2db0016af658af4b2db0016af658af4b2db0016af658af4b2db
2026-05-13 09:01:25.187,build-agent-03,svc_ediscovery,1,outlook.exe,"outlook.exe",launchd,,,SHA256=000073e05a422159000073e05a422159000073e05a422159000073e05a422159
2026-05-13 09:11:56.868,VDI-POOL-02,svc-build,1,powershell.exe,"powershell.exe",cmd.exe,,,SHA256=001cf2cd17dc89ef001cf2cd17dc89ef001cf2cd17dc89ef001cf2cd17dc89ef
2026-05-13 09:21:03.021,VDI-POOL-02,svc_ediscovery,1,node,"node",systemd,,,SHA256=001be556ae62d2a7001be556ae62d2a7001be556ae62d2a7001be556ae62d2a7
2026-05-13 09:31:06.676,build-agent-03,r.owens,1,powershell.exe,"powershell.exe",explorer.exe,,,SHA256=001740654167424b001740654167424b001740654167424b001740654167424b
2026-05-13 09:41:24.073,HR-LT19,svc_ediscovery,1,python3,"python3",systemd,,,SHA256=000eec82299d8d60000eec82299d8d60000eec82299d8d60000eec82299d8d60
2026-05-13 09:49:34.512,FIN-WS22,j.patel,1,git,"git",systemd,,,SHA256=000e7766277f28a6000e7766277f28a6000e7766277f28a6000e7766277f28a6
2026-05-13 09:56:03.587,build-agent-03,svc_ediscovery,1,chrome.exe,"chrome.exe",systemd,,,SHA256=00168fe31584908400168fe31584908400168fe31584908400168fe315849084
2026-05-13 09:59:09.870,VDI-POOL-02,r.owens,1,sshd,"sshd",launchd,,,SHA256=001bfb3612952beb001bfb3612952beb001bfb3612952beb001bfb3612952beb
2026-05-13 10:09:36.404,ENG-FS03,j.patel,1,slack.exe,"slack.exe",explorer.exe,,,SHA256=00147fbdeb399e9600147fbdeb399e9600147fbdeb399e9600147fbdeb399e96
2026-05-13 10:16:13.531,build-agent-03,a.chen,1,git,"git",launchd,,,SHA256=000ab4881c0791b1000ab4881c0791b1000ab4881c0791b1000ab4881c0791b1
2026-05-13 10:22:03.829,VDI-POOL-02,a.chen,1,node,"node",launchd,,,SHA256=0008bd87259283430008bd87259283430008bd87259283430008bd8725928343
2026-05-13 10:32:37.064,HR-LT19,j.patel,1,python3,"python3",launchd,,,SHA256=0002b2fdcbbbdbfe0002b2fdcbbbdbfe0002b2fdcbbbdbfe0002b2fdcbbbdbfe
2026-05-13 10:44:05.878,VDI-POOL-02,m.sato,1,node,"node",launchd,,,SHA256=001d3f2bd3acb039001d3f2bd3acb039001d3f2bd3acb039001d3f2bd3acb039
2026-05-13 10:49:02.688,ENG-FS03,j.patel,1,node,"node",systemd,,,SHA256=000ae2e73314fc3e000ae2e73314fc3e000ae2e73314fc3e000ae2e73314fc3e
2026-05-13 10:57:55.258,FIN-WS22,svc-export,1,chrome.exe,"chrome.exe",explorer.exe,,,SHA256=0004d3f2de9f2d400004d3f2de9f2d400004d3f2de9f2d400004d3f2de9f2d40
2026-05-13 11:00:31.405,build-agent-03,a.chen,1,slack.exe,"slack.exe",systemd,,,SHA256=0017eefde27b2f810017eefde27b2f810017eefde27b2f810017eefde27b2f81
2026-05-13 11:04:40.085,FIN-WS22,a.chen,1,sshd,"sshd",systemd,,,SHA256=001a766ddc3d579c001a766ddc3d579c001a766ddc3d579c001a766ddc3d579c
2026-05-13 11:13:52.985,ENG-FS03,j.patel,1,git,"git",systemd,,,SHA256=000c519a46ca1ff3000c519a46ca1ff3000c519a46ca1ff3000c519a46ca1ff3
2026-05-13 11:25:22.951,ENG-FS03,a.chen,1,powershell.exe,"powershell.exe",systemd,,,SHA256=000dcb37f09d2ca5000dcb37f09d2ca5000dcb37f09d2ca5000dcb37f09d2ca5
2026-05-13 11:31:46.958,ENG-FS03,m.sato,1,slack.exe,"slack.exe",launchd,,,SHA256=000f2b40a631279f000f2b40a631279f000f2b40a631279f000f2b40a631279f
2026-05-13 11:40:34.582,ENG-FS03,svc_ediscovery,1,slack.exe,"slack.exe",systemd,,,SHA256=001b387eabc61ba6001b387eabc61ba6001b387eabc61ba6001b387eabc61ba6
2026-05-13 11:48:49.436,VDI-POOL-02,svc-export,1,powershell.exe,"powershell.exe",launchd,,,SHA256=002189b4c2b6d066002189b4c2b6d066002189b4c2b6d066002189b4c2b6d066
2026-05-13 11:56:40.958,FIN-WS22,j.patel,1,outlook.exe,"outlook.exe",cmd.exe,,,SHA256=001ffdc2de179af4001ffdc2de179af4001ffdc2de179af4001ffdc2de179af4
2026-05-13 12:07:56.185,build-agent-03,a.chen,1,sshd,"sshd",cmd.exe,,,SHA256=001b1ba6c090ed3d001b1ba6c090ed3d001b1ba6c090ed3d001b1ba6c090ed3d
2026-05-13 12:14:33.381,FIN-WS22,a.chen,1,python3,"python3",explorer.exe,,,SHA256=0013aedbbb61fc520013aedbbb61fc520013aedbbb61fc520013aedbbb61fc52
2026-05-13 12:25:18.000,VDI-POOL-02,r.owens,1,node,"node",explorer.exe,,,SHA256=000070429ca9e8a4000070429ca9e8a4000070429ca9e8a4000070429ca9e8a4
2026-05-13 12:31:31.615,FIN-WS22,r.owens,1,node,"node",explorer.exe,,,SHA256=000fc8143a353c82000fc8143a353c82000fc8143a353c82000fc8143a353c82
2026-05-13 12:38:40.075,build-agent-03,j.patel,1,sshd,"sshd",launchd,,,SHA256=001fa7de5c98246e001fa7de5c98246e001fa7de5c98246e001fa7de5c98246e
2026-05-13 12:47:20.835,FIN-WS22,j.patel,1,powershell.exe,"powershell.exe",cmd.exe,,,SHA256=000854395567ca2e000854395567ca2e000854395567ca2e000854395567ca2e
2026-05-13 12:56:02.658,FIN-WS22,a.chen,1,outlook.exe,"outlook.exe",cmd.exe,,,SHA256=00224edaddba86ae00224edaddba86ae00224edaddba86ae00224edaddba86ae
2026-05-13 12:58:43.757,HR-LT19,m.sato,1,git,"git",systemd,,,SHA256=001321e8a08c7ff8001321e8a08c7ff8001321e8a08c7ff8001321e8a08c7ff8
2026-05-13 13:02:15.930,VDI-POOL-02,svc-export,1,git,"git",cmd.exe,,,SHA256=000b39198e788ffd000b39198e788ffd000b39198e788ffd000b39198e788ffd
2026-05-13 13:12:59.933,VDI-POOL-02,svc-build,1,node,"node",systemd,,,SHA256=000efef6afb04dde000efef6afb04dde000efef6afb04dde000efef6afb04dde
2026-05-13 13:24:07.659,build-agent-03,svc-build,1,git,"git",cmd.exe,,,SHA256=0004e47ac36896f40004e47ac36896f40004e47ac36896f40004e47ac36896f4
2026-05-13 13:26:44.843,build-agent-03,j.patel,1,git,"git",explorer.exe,,,SHA256=0004cf8d4a3a4dd20004cf8d4a3a4dd20004cf8d4a3a4dd20004cf8d4a3a4dd2
2026-05-13 13:37:17.812,FIN-WS22,j.patel,1,python3,"python3",explorer.exe,,,SHA256=00179afe0ead04e800179afe0ead04e800179afe0ead04e800179afe0ead04e8
2026-05-13 13:42:12.006,VDI-POOL-03,r.owens,1,node,"node",systemd,,,SHA256=0002345fb1663f980002345fb1663f980002345fb1663f980002345fb1663f98
2026-05-13 13:46:19.920,build-agent-03,m.sato,1,outlook.exe,"outlook.exe",launchd,,,SHA256=0012452bfd43afe20012452bfd43afe20012452bfd43afe20012452bfd43afe2
2026-05-13 13:55:21.993,FIN-WS22,m.sato,1,git,"git",explorer.exe,,,SHA256=00042f5f8b8ea7e200042f5f8b8ea7e200042f5f8b8ea7e200042f5f8b8ea7e2
2026-05-13 14:04:44.643,FIN-WS22,r.owens,1,python3,"python3",cmd.exe,,,SHA256=001d461fa9b3ade1001d461fa9b3ade1001d461fa9b3ade1001d461fa9b3ade1
2026-05-13 14:07:52.832,VDI-POOL-03,svc-export,1,node,"node",launchd,,,SHA256=0002fc4fe2680ea80002fc4fe2680ea80002fc4fe2680ea80002fc4fe2680ea8
2026-05-13 14:16:06.573,build-agent-03,r.owens,1,outlook.exe,"outlook.exe",launchd,,,SHA256=001ba629c3a53d52001ba629c3a53d52001ba629c3a53d52001ba629c3a53d52
2026-05-13 14:20:46.915,build-agent-03,r.owens,1,chrome.exe,"chrome.exe",cmd.exe,,,SHA256=0015ad5dce7e18cc0015ad5dce7e18cc0015ad5dce7e18cc0015ad5dce7e18cc
2026-05-13 14:31:50.962,build-agent-03,m.sato,1,sshd,"sshd",cmd.exe,,,SHA256=000dfc39f0bc9ecd000dfc39f0bc9ecd000dfc39f0bc9ecd000dfc39f0bc9ecd
2026-05-13 14:41:20.154,VDI-POOL-02,m.sato,1,git,"git",launchd,,,SHA256=001ee1d9472f78ed001ee1d9472f78ed001ee1d9472f78ed001ee1d9472f78ed
2026-05-13 14:49:22.682,ENG-FS03,svc-export,1,python3,"python3",explorer.exe,,,SHA256=0017b358ad66fc130017b358ad66fc130017b358ad66fc130017b358ad66fc13
2026-05-13 14:58:19.756,build-agent-03,svc-export,1,outlook.exe,"outlook.exe",explorer.exe,,,SHA256=00039b4ff7a0f38900039b4ff7a0f38900039b4ff7a0f38900039b4ff7a0f389
2026-05-13 15:03:55.339,ENG-FS03,m.sato,1,chrome.exe,"chrome.exe",cmd.exe,,,SHA256=000fe9be5e01b847000fe9be5e01b847000fe9be5e01b847000fe9be5e01b847
2026-05-13 15:08:07.599,build-agent-03,a.chen,1,outlook.exe,"outlook.exe",systemd,,,SHA256=0012d1903785f2580012d1903785f2580012d1903785f2580012d1903785f258
2026-05-13 15:14:24.104,HR-LT19,svc-export,1,powershell.exe,"powershell.exe",explorer.exe,,,SHA256=0016d53ba9ffc56b0016d53ba9ffc56b0016d53ba9ffc56b0016d53ba9ffc56b
2026-05-13 15:17:06.844,HR-LT19,svc_ediscovery,1,chrome.exe,"chrome.exe",explorer.exe,,,SHA256=000d8950f4c462e6000d8950f4c462e6000d8950f4c462e6000d8950f4c462e6
2026-05-13 15:25:21.439,ENG-FS03,r.owens,1,powershell.exe,"powershell.exe",systemd,,,SHA256=0015c5c47d06db1d0015c5c47d06db1d0015c5c47d06db1d0015c5c47d06db1d
2026-05-13 15:28:00.002,VDI-POOL-02,j.patel,1,slack.exe,"slack.exe",explorer.exe,,,SHA256=0023861d3e4cdc720023861d3e4cdc720023861d3e4cdc720023861d3e4cdc72
2026-05-13 15:32:00.512,build-agent-03,m.sato,1,python3,"python3",explorer.exe,,,SHA256=001f0a224ecbaa91001f0a224ecbaa91001f0a224ecbaa91001f0a224ecbaa91
2026-05-13 15:40:47.346,ENG-FS03,r.owens,1,outlook.exe,"outlook.exe",systemd,,,SHA256=000a28a0093c4904000a28a0093c4904000a28a0093c4904000a28a0093c4904
2026-05-13 15:46:06.753,build-agent-03,r.owens,1,powershell.exe,"powershell.exe",launchd,,,SHA256=001027ef94ca6bcf001027ef94ca6bcf001027ef94ca6bcf001027ef94ca6bcf
2026-05-13 15:55:05.144,VDI-POOL-02,m.sato,1,node,"node",launchd,,,SHA256=00217131d7848dd400217131d7848dd400217131d7848dd400217131d7848dd4
2026-05-13 16:01:23.577,FIN-WS22,svc-build,1,sshd,"sshd",systemd,,,SHA256=0012d982e74060300012d982e74060300012d982e74060300012d982e7406030
2026-05-13 16:05:43.834,HR-LT19,j.patel,1,sshd,"sshd",explorer.exe,,,SHA256=0009518f728beed80009518f728beed80009518f728beed80009518f728beed8
2026-05-13 16:11:53.981,build-agent-03,svc-export,1,sshd,"sshd",systemd,,,SHA256=0006718da52126150006718da52126150006718da52126150006718da5212615
2026-05-13 16:20:36.892,VDI-POOL-02,svc-export,1,slack.exe,"slack.exe",cmd.exe,,,SHA256=00104e8cf66b29ae00104e8cf66b29ae00104e8cf66b29ae00104e8cf66b29ae
2026-05-13 16:28:45.302,VDI-POOL-02,r.owens,1,powershell.exe,"powershell.exe",systemd,,,SHA256=000df6579750f9e8000df6579750f9e8000df6579750f9e8000df6579750f9e8
2026-05-13 16:35:51.747,VDI-POOL-02,a.chen,1,python3,"python3",launchd,,,SHA256=001a3676f99483ab001a3676f99483ab001a3676f99483ab001a3676f99483ab
2026-05-13 16:39:20.068,VDI-POOL-02,svc_ediscovery,1,powershell.exe,"powershell.exe",launchd,,,SHA256=001749efb73d4058001749efb73d4058001749efb73d4058001749efb73d4058
2026-05-13 16:48:24.742,ENG-FS03,j.patel,1,python3,"python3",explorer.exe,,,SHA256=00166af5e7e2474200166af5e7e2474200166af5e7e2474200166af5e7e24742
2026-05-13 16:54:01.509,build-agent-03,m.sato,1,slack.exe,"slack.exe",systemd,,,SHA256=001b58eb11f8f5cf001b58eb11f8f5cf001b58eb11f8f5cf001b58eb11f8f5cf
2026-05-13 17:05:22.764,VDI-POOL-03,a.chen,1,outlook.exe,"outlook.exe",launchd,,,SHA256=000aed590ecf6c99000aed590ecf6c99000aed590ecf6c99000aed590ecf6c99
2026-05-13 17:09:17.892,ENG-FS03,svc-export,1,python3,"python3",systemd,,,SHA256=0019a016a1dedf350019a016a1dedf350019a016a1dedf350019a016a1dedf35
2026-05-13 17:19:24.770,VDI-POOL-03,svc_ediscovery,1,python3,"python3",systemd,,,SHA256=001e3404e05e6968001e3404e05e6968001e3404e05e6968001e3404e05e6968
2026-05-13 17:24:55.491,ENG-FS03,r.owens,1,powershell.exe,"powershell.exe",cmd.exe,,,SHA256=0019f9c3827497ea0019f9c3827497ea0019f9c3827497ea0019f9c3827497ea
2026-05-13 17:32:37.091,VDI-POOL-02,a.chen,1,sshd,"sshd",cmd.exe,,,SHA256=001a00db7fdb6414001a00db7fdb6414001a00db7fdb6414001a00db7fdb6414
2026-05-13 17:35:45.626,VDI-POOL-03,j.patel,1,sshd,"sshd",cmd.exe,,,SHA256=001df03a2ef6d900001df03a2ef6d900001df03a2ef6d900001df03a2ef6d900
2026-05-13 17:41:26.996,FIN-WS22,svc_ediscovery,1,sshd,"sshd",systemd,,,SHA256=0022c15a43a7460a0022c15a43a7460a0022c15a43a7460a0022c15a43a7460a
2026-05-13 17:47:36.816,ENG-FS03,j.patel,1,python3,"python3",cmd.exe,,,SHA256=00173b9087a895b700173b9087a895b700173b9087a895b700173b9087a895b7
2026-05-13 17:53:19.641,FIN-WS22,svc_ediscovery,1,chrome.exe,"chrome.exe",launchd,,,SHA256=001a8b87eaca6960001a8b87eaca6960001a8b87eaca6960001a8b87eaca6960
2026-05-13 17:57:18.737,VDI-POOL-03,a.chen,1,python3,"python3",explorer.exe,,,SHA256=0001f2daf5eec93d0001f2daf5eec93d0001f2daf5eec93d0001f2daf5eec93d
2026-05-13 18:02:34.142,VDI-POOL-02,j.patel,1,python3,"python3",explorer.exe,,,SHA256=000b1fb12860dda8000b1fb12860dda8000b1fb12860dda8000b1fb12860dda8
2026-05-13 18:06:10.283,VDI-POOL-02,a.chen,1,git,"git",explorer.exe,,,SHA256=0002cc88c3b111a50002cc88c3b111a50002cc88c3b111a50002cc88c3b111a5
2026-05-13 18:11:35.132,VDI-POOL-03,svc-export,1,slack.exe,"slack.exe",systemd,,,SHA256=0018762989c680160018762989c680160018762989c680160018762989c68016
2026-05-13 18:17:39.653,ENG-FS03,m.sato,1,chrome.exe,"chrome.exe",launchd,,,SHA256=000816a107247426000816a107247426000816a107247426000816a107247426
2026-05-13 18:22:06.809,VDI-POOL-03,r.owens,1,outlook.exe,"outlook.exe",launchd,,,SHA256=000d0e6e25a462d4000d0e6e25a462d4000d0e6e25a462d4000d0e6e25a462d4
2026-05-13 18:27:10.041,ENG-FS03,svc-export,1,node,"node",systemd,,,SHA256=001f44af5d21e698001f44af5d21e698001f44af5d21e698001f44af5d21e698
2026-05-13 18:34:37.080,ENG-FS03,j.patel,1,outlook.exe,"outlook.exe",launchd,,,SHA256=0020e32eeb3c3fa20020e32eeb3c3fa20020e32eeb3c3fa20020e32eeb3c3fa2
2026-05-13 18:37:20.078,ENG-FS03,m.sato,1,sshd,"sshd",systemd,,,SHA256=0016ceedfcc77a2b0016ceedfcc77a2b0016ceedfcc77a2b0016ceedfcc77a2b
2026-05-13 18:40:50.049,VDI-POOL-02,r.owens,1,git,"git",cmd.exe,,,SHA256=0010633f9d5df1b50010633f9d5df1b50010633f9d5df1b50010633f9d5df1b5
2026-05-13 18:45:33.862,VDI-POOL-02,svc_ediscovery,1,git,"git",cmd.exe,,,SHA256=001a98cce5a94368001a98cce5a94368001a98cce5a94368001a98cce5a94368
2026-05-13 18:53:45.711,VDI-POOL-02,svc-build,1,sshd,"sshd",explorer.exe,,,SHA256=0003f0be351132c70003f0be351132c70003f0be351132c70003f0be351132c7
2026-05-13 18:56:50.974,VDI-POOL-02,svc-build,1,python3,"python3",systemd,,,SHA256=001f342e4cab5b6b001f342e4cab5b6b001f342e4cab5b6b001f342e4cab5b6b
2026-05-13 19:07:16.353,build-agent-03,svc-build,1,outlook.exe,"outlook.exe",systemd,,,SHA256=000475119ffd1785000475119ffd1785000475119ffd1785000475119ffd1785
2026-05-13 19:10:12.568,VDI-POOL-03,svc_ediscovery,1,outlook.exe,"outlook.exe",systemd,,,SHA256=002308d6202c9660002308d6202c9660002308d6202c9660002308d6202c9660
2026-05-13 19:16:49.768,VDI-POOL-02,r.owens,1,sshd,"sshd",explorer.exe,,,SHA256=0008821d012d07190008821d012d07190008821d012d07190008821d012d0719
2026-05-13 19:24:35.186,ENG-FS03,a.chen,1,powershell.exe,"powershell.exe",launchd,,,SHA256=0000a28c9e01cb3d0000a28c9e01cb3d0000a28c9e01cb3d0000a28c9e01cb3d
2026-05-13 19:35:40.036,build-agent-03,svc-export,1,slack.exe,"slack.exe",explorer.exe,,,SHA256=000b56c1eb702a14000b56c1eb702a14000b56c1eb702a14000b56c1eb702a14
2026-05-13 19:41:09.617,FIN-WS22,a.chen,1,git,"git",cmd.exe,,,SHA256=0015c73c6d43c8c10015c73c6d43c8c10015c73c6d43c8c10015c73c6d43c8c1
2026-05-13 19:46:07.229,HR-LT19,svc_ediscovery,1,sshd,"sshd",explorer.exe,,,SHA256=0012935ff7c38c810012935ff7c38c810012935ff7c38c810012935ff7c38c81
2026-05-13 19:55:37.734,FIN-WS22,r.owens,1,slack.exe,"slack.exe",cmd.exe,,,SHA256=00058e9aa10553ac00058e9aa10553ac00058e9aa10553ac00058e9aa10553ac
2026-05-13 20:00:38.037,VDI-POOL-02,svc-export,1,outlook.exe,"outlook.exe",launchd,,,SHA256=00104cbcb6276f4500104cbcb6276f4500104cbcb6276f4500104cbcb6276f45
2026-05-13 20:04:05.844,HR-LT19,svc_ediscovery,1,chrome.exe,"chrome.exe",explorer.exe,,,SHA256=001bffe2582aca3f001bffe2582aca3f001bffe2582aca3f001bffe2582aca3f
2026-05-13 20:07:19.933,build-agent-03,a.chen,1,python3,"python3",explorer.exe,,,SHA256=0002a252e27384bb0002a252e27384bb0002a252e27384bb0002a252e27384bb
2026-05-13 20:17:48.757,build-agent-03,r.owens,1,powershell.exe,"powershell.exe",explorer.exe,,,SHA256=00082ead4c0648f400082ead4c0648f400082ead4c0648f400082ead4c0648f4
2026-05-13 20:25:52.118,HR-LT19,svc_ediscovery,1,sshd,"sshd",explorer.exe,,,SHA256=00093c0833e9148f00093c0833e9148f00093c0833e9148f00093c0833e9148f
2026-05-13 20:31:04.357,ENG-FS03,svc-build,1,node,"node",systemd,,,SHA256=00133ab5f8d66c8000133ab5f8d66c8000133ab5f8d66c8000133ab5f8d66c80
2026-05-13 20:36:37.110,VDI-POOL-02,svc-build,1,slack.exe,"slack.exe",systemd,,,SHA256=000e6e134a7142d9000e6e134a7142d9000e6e134a7142d9000e6e134a7142d9
2026-05-13 20:47:14.114,build-agent-03,svc-export,1,git,"git",cmd.exe,,,SHA256=000583dd38ee0d08000583dd38ee0d08000583dd38ee0d08000583dd38ee0d08
2026-05-13 20:51:07.475,ENG-FS03,svc-export,1,slack.exe,"slack.exe",explorer.exe,,,SHA256=000de91035eff67b000de91035eff67b000de91035eff67b000de91035eff67b
2026-05-13 20:54:50.594,FIN-WS22,svc-export,1,powershell.exe,"powershell.exe",cmd.exe,,,SHA256=001d100a96fd8ea2001d100a96fd8ea2001d100a96fd8ea2001d100a96fd8ea2
2026-05-13 21:06:02.815,HR-LT19,a.chen,1,slack.exe,"slack.exe",cmd.exe,,,SHA256=001a5cbc93761abf001a5cbc93761abf001a5cbc93761abf001a5cbc93761abf
2026-05-13 21:09:28.638,build-agent-03,svc-build,1,chrome.exe,"chrome.exe",launchd,,,SHA256=0009da7696e9a30e0009da7696e9a30e0009da7696e9a30e0009da7696e9a30e
2026-05-13 21:15:42.750,VDI-POOL-02,svc_ediscovery,1,node,"node",cmd.exe,,,SHA256=00217f3f7694382a00217f3f7694382a00217f3f7694382a00217f3f7694382a
2026-05-13 21:21:02.528,build-agent-03,svc-export,1,slack.exe,"slack.exe",explorer.exe,,,SHA256=001dbf8a920698b4001dbf8a920698b4001dbf8a920698b4001dbf8a920698b4
2026-05-13 21:29:42.272,HR-LT19,r.owens,1,sshd,"sshd",launchd,,,SHA256=0004e867b002a0a50004e867b002a0a50004e867b002a0a50004e867b002a0a5
2026-05-13 21:35:47.052,VDI-POOL-03,j.patel,1,node,"node",cmd.exe,,,SHA256=0004dda26f3f92df0004dda26f3f92df0004dda26f3f92df0004dda26f3f92df
2026-05-13 21:42:46.454,build-agent-03,r.owens,1,slack.exe,"slack.exe",systemd,,,SHA256=0018f63ddfc0aacf0018f63ddfc0aacf0018f63ddfc0aacf0018f63ddfc0aacf
2026-05-13 21:45:26.040,VDI-POOL-02,svc_ediscovery,1,git,"git",systemd,,,SHA256=001b0b03aa67473a001b0b03aa67473a001b0b03aa67473a001b0b03aa67473a
2026-05-13 21:53:42.128,build-agent-03,a.chen,1,slack.exe,"slack.exe",systemd,,,SHA256=000ee9cfd06db89a000ee9cfd06db89a000ee9cfd06db89a000ee9cfd06db89a
2026-05-13 22:00:27.538,ENG-FS03,r.owens,1,chrome.exe,"chrome.exe",explorer.exe,,,SHA256=00135a12fc551c8a00135a12fc551c8a00135a12fc551c8a00135a12fc551c8a
2026-05-13 22:08:34.794,HR-LT19,a.chen,1,chrome.exe,"chrome.exe",cmd.exe,,,SHA256=0008e9ab1b78052f0008e9ab1b78052f0008e9ab1b78052f0008e9ab1b78052f
2026-05-13 22:17:30.435,ENG-FS03,svc-build,1,sshd,"sshd",explorer.exe,,,SHA256=00180f954eecc6ac00180f954eecc6ac00180f954eecc6ac00180f954eecc6ac
2026-05-13 22:23:19.600,HR-LT19,svc-build,1,powershell.exe,"powershell.exe",launchd,,,SHA256=002102161ef775fe002102161ef775fe002102161ef775fe002102161ef775fe
2026-05-13 22:32:42.961,HR-LT19,svc-export,1,git,"git",systemd,,,SHA256=0022781f94dabbd00022781f94dabbd00022781f94dabbd00022781f94dabbd0
2026-05-13 22:44:05.906,HR-LT19,r.owens,1,git,"git",explorer.exe,,,SHA256=001eabc1f061eb26001eabc1f061eb26001eabc1f061eb26001eabc1f061eb26
2026-05-13 22:53:39.124,VDI-POOL-03,r.owens,1,node,"node",launchd,,,SHA256=001fbffd1cb11ef6001fbffd1cb11ef6001fbffd1cb11ef6001fbffd1cb11ef6
2026-05-13 22:56:35.540,FIN-WS22,svc_ediscovery,1,powershell.exe,"powershell.exe",systemd,,,SHA256=00030bd9152ecb0600030bd9152ecb0600030bd9152ecb0600030bd9152ecb06
2026-05-13 23:01:14.752,ENG-FS03,svc_ediscovery,1,git,"git",explorer.exe,,,SHA256=0008a4e3a927fba70008a4e3a927fba70008a4e3a927fba70008a4e3a927fba7
2026-05-13 23:12:05.492,VDI-POOL-03,j.patel,1,sshd,"sshd",systemd,,,SHA256=000819d6da20c522000819d6da20c522000819d6da20c522000819d6da20c522
2026-05-13 23:23:10.459,FIN-WS22,svc-build,1,node,"node",systemd,,,SHA256=00136b2a427aeef700136b2a427aeef700136b2a427aeef700136b2a427aeef7
2026-05-13 23:26:26.406,HR-LT19,svc_ediscovery,1,python3,"python3",launchd,,,SHA256=001afec81b67083b001afec81b67083b001afec81b67083b001afec81b67083b
2026-05-13 23:37:44.447,ENG-FS03,svc-export,1,node,"node",cmd.exe,,,SHA256=00142a60d2c699b900142a60d2c699b900142a60d2c699b900142a60d2c699b9
2026-05-13 23:43:58.872,FIN-WS22,j.patel,1,slack.exe,"slack.exe",explorer.exe,,,SHA256=0022a1d8d98067a80022a1d8d98067a80022a1d8d98067a80022a1d8d98067a8
2026-05-13 23:51:23.722,VDI-POOL-03,svc-build,1,outlook.exe,"outlook.exe",systemd,,,SHA256=001278c6660d7803001278c6660d7803001278c6660d7803001278c6660d7803
2026-05-14 00:02:50.131,FIN-WS22,svc-export,1,python3,"python3",launchd,,,SHA256=001041b526ea2bf9001041b526ea2bf9001041b526ea2bf9001041b526ea2bf9
2026-05-14 00:10:37.879,VDI-POOL-03,svc-export,1,git,"git",cmd.exe,,,SHA256=001e1561d99ef9e5001e1561d99ef9e5001e1561d99ef9e5001e1561d99ef9e5
2026-05-14 00:20:44.431,VDI-POOL-03,m.sato,1,sshd,"sshd",systemd,,,SHA256=00009a86845d8acc00009a86845d8acc00009a86845d8acc00009a86845d8acc
2026-05-14 00:28:05.277,ENG-FS03,r.owens,1,slack.exe,"slack.exe",launchd,,,SHA256=0018163baddef9630018163baddef9630018163baddef9630018163baddef963
2026-05-14 00:36:00.907,ENG-FS03,m.sato,1,python3,"python3",cmd.exe,,,SHA256=000b57572e8a01f1000b57572e8a01f1000b57572e8a01f1000b57572e8a01f1
2026-05-14 00:42:17.031,VDI-POOL-03,svc-build,1,slack.exe,"slack.exe",systemd,,,SHA256=000b7b01d99ae9ba000b7b01d99ae9ba000b7b01d99ae9ba000b7b01d99ae9ba
2026-05-14 00:46:03.478,HR-LT19,svc-export,1,python3,"python3",systemd,,,SHA256=0019121daaf011bc0019121daaf011bc0019121daaf011bc0019121daaf011bc
2026-05-14 00:52:29.868,ENG-FS03,svc-build,1,python3,"python3",cmd.exe,,,SHA256=000e92bddcfe5bd2000e92bddcfe5bd2000e92bddcfe5bd2000e92bddcfe5bd2
2026-05-14 01:00:07.869,HR-LT19,a.chen,1,chrome.exe,"chrome.exe",cmd.exe,,,SHA256=0021076f7d7012a80021076f7d7012a80021076f7d7012a80021076f7d7012a8
2026-05-14 01:07:54.540,VDI-POOL-03,svc-export,1,chrome.exe,"chrome.exe",launchd,,,SHA256=0012ca7a4bb2b4010012ca7a4bb2b4010012ca7a4bb2b4010012ca7a4bb2b401
2026-05-14 01:12:01.513,VDI-POOL-02,j.patel,1,node,"node",systemd,,,SHA256=001c4d030e092234001c4d030e092234001c4d030e092234001c4d030e092234
2026-05-14 01:23:12.082,build-agent-03,a.chen,1,slack.exe,"slack.exe",systemd,,,SHA256=00115c71a1a62d0100115c71a1a62d0100115c71a1a62d0100115c71a1a62d01
2026-05-14 01:27:32.689,build-agent-03,svc-export,1,sshd,"sshd",systemd,,,SHA256=00217378e03c62f800217378e03c62f800217378e03c62f800217378e03c62f8
2026-05-14 01:37:25.863,HR-LT19,r.owens,1,node,"node",cmd.exe,,,SHA256=0013887bc39f84320013887bc39f84320013887bc39f84320013887bc39f8432
2026-05-14 01:44:35.896,HR-LT19,svc_ediscovery,1,powershell.exe,"powershell.exe",explorer.exe,,,SHA256=0008260d5b710c090008260d5b710c090008260d5b710c090008260d5b710c09
2026-05-14 01:52:02.966,ENG-FS03,r.owens,1,git,"git",explorer.exe,,,SHA256=0008750377f6eb120008750377f6eb120008750377f6eb120008750377f6eb12
2026-05-14 02:00:01.075,VDI-POOL-03,a.chen,1,sshd,"sshd",cmd.exe,,,SHA256=001224c58bf5038e001224c58bf5038e001224c58bf5038e001224c58bf5038e
2026-05-14 02:03:34.095,FIN-WS22,svc-export,1,sshd,"sshd",cmd.exe,,,SHA256=00155c45ee8219fb00155c45ee8219fb00155c45ee8219fb00155c45ee8219fb
2026-05-14 02:10:04.925,VDI-POOL-03,a.chen,1,node,"node",explorer.exe,,,SHA256=00198def374900a000198def374900a000198def374900a000198def374900a0
2026-05-14 02:18:26.798,ENG-FS03,r.owens,1,git,"git",explorer.exe,,,SHA256=0000a3267e62a01d0000a3267e62a01d0000a3267e62a01d0000a3267e62a01d
2026-05-14 02:22:03.176,ENG-FS03,svc-build,1,chrome.exe,"chrome.exe",explorer.exe,,,SHA256=00135585d0fd706800135585d0fd706800135585d0fd706800135585d0fd7068
2026-05-14 02:26:22.444,FIN-WS22,r.owens,1,powershell.exe,"powershell.exe",cmd.exe,,,SHA256=0020942f25b0ccbe0020942f25b0ccbe0020942f25b0ccbe0020942f25b0ccbe
2026-05-14 02:31:53.317,VDI-POOL-03,svc-export,1,outlook.exe,"outlook.exe",launchd,,,SHA256=0005be97a1b39a750005be97a1b39a750005be97a1b39a750005be97a1b39a75
2026-05-14 02:42:13.013,VDI-POOL-02,r.owens,1,outlook.exe,"outlook.exe",explorer.exe,,,SHA256=0000a2754e00cdb00000a2754e00cdb00000a2754e00cdb00000a2754e00cdb0
2026-05-14 02:45:37.892,FIN-WS22,r.owens,1,git,"git",launchd,,,SHA256=001b098ee958c05e001b098ee958c05e001b098ee958c05e001b098ee958c05e
2026-05-14 02:55:29.364,FIN-WS22,a.chen,1,powershell.exe,"powershell.exe",cmd.exe,,,SHA256=0021c457c471df120021c457c471df120021c457c471df120021c457c471df12
2026-05-14 03:00:49.103,VDI-POOL-02,m.sato,1,python3,"python3",systemd,,,SHA256=001e268704173498001e268704173498001e268704173498001e268704173498
2026-05-14 03:11:18.298,build-agent-03,svc-export,1,node,"node",systemd,,,SHA256=000cf471058fa84a000cf471058fa84a000cf471058fa84a000cf471058fa84a
2026-05-14 03:22:36.097,build-agent-03,j.patel,1,slack.exe,"slack.exe",cmd.exe,,,SHA256=001412aba13aa497001412aba13aa497001412aba13aa497001412aba13aa497
2026-05-14 03:32:21.344,VDI-POOL-03,a.chen,1,powershell.exe,"powershell.exe",explorer.exe,,,SHA256=001f8d6e20242240001f8d6e20242240001f8d6e20242240001f8d6e20242240
2026-05-14 03:37:06.919,FIN-WS22,svc_ediscovery,1,slack.exe,"slack.exe",systemd,,,SHA256=0011b4bd5d9b122a0011b4bd5d9b122a0011b4bd5d9b122a0011b4bd5d9b122a
2026-05-14 03:41:33.820,HR-LT19,m.sato,1,slack.exe,"slack.exe",systemd,,,SHA256=001344b9a7a0a2de001344b9a7a0a2de001344b9a7a0a2de001344b9a7a0a2de
2026-05-14 03:49:57.756,VDI-POOL-03,r.owens,1,python3,"python3",explorer.exe,,,SHA256=0019f291fa6538110019f291fa6538110019f291fa6538110019f291fa653811
2026-05-14 03:52:38.348,VDI-POOL-02,svc-build,1,node,"node",launchd,,,SHA256=0010e8c6f410e9c60010e8c6f410e9c60010e8c6f410e9c60010e8c6f410e9c6
2026-05-14 03:55:32.709,VDI-POOL-03,svc-export,1,chrome.exe,"chrome.exe",explorer.exe,,,SHA256=00037174668155e100037174668155e100037174668155e100037174668155e1
2026-05-14 04:04:52.632,VDI-POOL-03,m.sato,1,outlook.exe,"outlook.exe",explorer.exe,,,SHA256=00046e64ab724a5300046e64ab724a5300046e64ab724a5300046e64ab724a53
2026-05-14 04:09:17.961,ENG-FS03,m.sato,1,sshd,"sshd",launchd,,,SHA256=001ff7c19b8e9f1c001ff7c19b8e9f1c001ff7c19b8e9f1c001ff7c19b8e9f1c
2026-05-14 04:12:06.921,VDI-POOL-03,svc-export,1,outlook.exe,"outlook.exe",cmd.exe,,,SHA256=00059c866fac4ed500059c866fac4ed500059c866fac4ed500059c866fac4ed5
2026-05-14 04:16:44.835,VDI-POOL-03,j.patel,1,chrome.exe,"chrome.exe",explorer.exe,,,SHA256=0013a1217141c98b0013a1217141c98b0013a1217141c98b0013a1217141c98b
2026-05-14 04:20:52.223,FIN-WS22,svc_ediscovery,1,git,"git",explorer.exe,,,SHA256=001d2271c0777108001d2271c0777108001d2271c0777108001d2271c0777108
2026-05-14 04:31:36.862,FIN-WS22,svc_ediscovery,1,slack.exe,"slack.exe",launchd,,,SHA256=001fccde89d676de001fccde89d676de001fccde89d676de001fccde89d676de
2026-05-14 04:40:15.941,VDI-POOL-02,svc-export,1,chrome.exe,"chrome.exe",explorer.exe,,,SHA256=0012bc10283fc3d40012bc10283fc3d40012bc10283fc3d40012bc10283fc3d4
2026-05-14 04:51:06.591,VDI-POOL-02,svc_ediscovery,1,git,"git",systemd,,,SHA256=0005c51c467175850005c51c467175850005c51c467175850005c51c46717585
2026-05-14 04:54:27.233,build-agent-03,r.owens,1,node,"node",explorer.exe,,,SHA256=001d70d7d6c2aa4a001d70d7d6c2aa4a001d70d7d6c2aa4a001d70d7d6c2aa4a
2026-05-14 05:01:48.518,VDI-POOL-02,m.sato,1,slack.exe,"slack.exe",systemd,,,SHA256=001dd7cbfd8614cf001dd7cbfd8614cf001dd7cbfd8614cf001dd7cbfd8614cf
2026-05-14 05:07:50.038,build-agent-03,r.owens,1,chrome.exe,"chrome.exe",systemd,,,SHA256=000334bdedfef7dd000334bdedfef7dd000334bdedfef7dd000334bdedfef7dd
2026-05-14 05:10:25.124,FIN-WS22,svc-build,1,node,"node",launchd,,,SHA256=001fb17e797f0842001fb17e797f0842001fb17e797f0842001fb17e797f0842
2026-05-14 05:13:27.312,HR-LT19,r.owens,1,git,"git",launchd,,,SHA256=00123828b7a915df00123828b7a915df00123828b7a915df00123828b7a915df
2026-05-14 05:16:03.636,FIN-WS22,svc-export,1,node,"node",systemd,,,SHA256=00036887521b963b00036887521b963b00036887521b963b00036887521b963b
2026-05-14 05:21:35.656,build-agent-03,r.owens,1,sshd,"sshd",cmd.exe,,,SHA256=000c256372500a3d000c256372500a3d000c256372500a3d000c256372500a3d
2026-05-14 05:30:31.758,ENG-FS03,j.patel,1,python3,"python3",launchd,,,SHA256=001098732bed0dc9001098732bed0dc9001098732bed0dc9001098732bed0dc9
2026-05-14 05:36:35.146,ENG-FS03,j.patel,1,slack.exe,"slack.exe",cmd.exe,,,SHA256=000d77cce3497b7d000d77cce3497b7d000d77cce3497b7d000d77cce3497b7d
2026-05-14 05:42:21.234,VDI-POOL-02,r.owens,1,powershell.exe,"powershell.exe",explorer.exe,,,SHA256=00005a7f4064bfc500005a7f4064bfc500005a7f4064bfc500005a7f4064bfc5
2026-05-14 05:48:34.785,ENG-FS03,r.owens,1,slack.exe,"slack.exe",cmd.exe,,,SHA256=00058392e3b50df600058392e3b50df600058392e3b50df600058392e3b50df6
2026-05-14 05:55:18.735,build-agent-03,j.patel,1,powershell.exe,"powershell.exe",explorer.exe,,,SHA256=0009db6057a7f7350009db6057a7f7350009db6057a7f7350009db6057a7f735
2026-05-14 06:04:59.638,HR-LT19,svc-build,1,node,"node",cmd.exe,,,SHA256=000d435da0c0b650000d435da0c0b650000d435da0c0b650000d435da0c0b650
2026-05-14 06:16:24.198,FIN-WS22,svc-build,1,python3,"python3",explorer.exe,,,SHA256=0010e2ef051face10010e2ef051face10010e2ef051face10010e2ef051face1
2026-05-14 06:19:01.337,VDI-POOL-03,r.owens,1,python3,"python3",systemd,,,SHA256=00112085aa2bdd3f00112085aa2bdd3f00112085aa2bdd3f00112085aa2bdd3f
2026-05-14 06:22:07.345,build-agent-03,j.patel,1,node,"node",launchd,,,SHA256=00035872f79af23400035872f79af23400035872f79af23400035872f79af234
2026-05-14 06:31:39.240,FIN-WS22,j.patel,1,slack.exe,"slack.exe",explorer.exe,,,SHA256=0011571d410b707a0011571d410b707a0011571d410b707a0011571d410b707a
2026-05-14 06:36:13.754,VDI-POOL-02,svc-export,1,powershell.exe,"powershell.exe",explorer.exe,,,SHA256=000ad1b5d1ab4f57000ad1b5d1ab4f57000ad1b5d1ab4f57000ad1b5d1ab4f57
2026-05-14 06:44:15.192,ENG-FS03,svc_ediscovery,1,powershell.exe,"powershell.exe",cmd.exe,,,SHA256=000d09aaf8b13d00000d09aaf8b13d00000d09aaf8b13d00000d09aaf8b13d00
2026-05-14 06:48:02.480,VDI-POOL-02,m.sato,1,chrome.exe,"chrome.exe",launchd,,,SHA256=001546713958908b001546713958908b001546713958908b001546713958908b
2026-05-14 06:58:50.443,HR-LT19,m.sato,1,powershell.exe,"powershell.exe",systemd,,,SHA256=00183fa8b5132e8d00183fa8b5132e8d00183fa8b5132e8d00183fa8b5132e8d
2026-05-14 07:03:37.837,VDI-POOL-03,svc_ediscovery,1,sshd,"sshd",launchd,,,SHA256=000ebdb81706bec5000ebdb81706bec5000ebdb81706bec5000ebdb81706bec5
2026-05-14 07:07:48.884,ENG-FS03,svc_ediscovery,1,slack.exe,"slack.exe",explorer.exe,,,SHA256=0009b4032ff750580009b4032ff750580009b4032ff750580009b4032ff75058
2026-05-14 07:19:08.583,ENG-FS03,a.chen,1,node,"node",systemd,,,SHA256=0019c4830b0a3f8e0019c4830b0a3f8e0019c4830b0a3f8e0019c4830b0a3f8e
2026-05-14 07:29:56.429,FIN-WS22,m.sato,1,chrome.exe,"chrome.exe",launchd,,,SHA256=000414e276e6ab11000414e276e6ab11000414e276e6ab11000414e276e6ab11
2026-05-14 07:34:48.377,HR-LT19,r.owens,1,powershell.exe,"powershell.exe",launchd,,,SHA256=001d5e44bd56581b001d5e44bd56581b001d5e44bd56581b001d5e44bd56581b
2026-05-14 07:41:01.957,HR-LT19,svc-build,1,outlook.exe,"outlook.exe",cmd.exe,,,SHA256=00199eead5435c1a00199eead5435c1a00199eead5435c1a00199eead5435c1a
2026-05-14 07:49:02.004,VDI-POOL-02,r.owens,1,node,"node",cmd.exe,,,SHA256=001cea5bd2f18faa001cea5bd2f18faa001cea5bd2f18faa001cea5bd2f18faa
2026-05-14 07:55:50.871,VDI-POOL-03,j.patel,1,node,"node",cmd.exe,,,SHA256=00186ad2f4e2820300186ad2f4e2820300186ad2f4e2820300186ad2f4e28203
2026-05-14 07:58:22.478,HR-LT19,j.patel,1,node,"node",systemd,,,SHA256=0010d00435b7ad1f0010d00435b7ad1f0010d00435b7ad1f0010d00435b7ad1f
2026-05-14 08:07:17.968,FIN-WS22,svc_ediscovery,1,python3,"python3",cmd.exe,,,SHA256=00088a1edc76da4900088a1edc76da4900088a1edc76da4900088a1edc76da49
2026-05-14 08:11:54.769,build-agent-03,svc-export,1,slack.exe,"slack.exe",explorer.exe,,,SHA256=00148c5a83304bdd00148c5a83304bdd00148c5a83304bdd00148c5a83304bdd
2026-05-14 08:23:11.895,build-agent-03,j.patel,1,slack.exe,"slack.exe",explorer.exe,,,SHA256=0020173c623c2c520020173c623c2c520020173c623c2c520020173c623c2c52
2026-05-14 08:31:02.520,HR-LT19,a.chen,1,slack.exe,"slack.exe",systemd,,,SHA256=001d4c63d62543e8001d4c63d62543e8001d4c63d62543e8001d4c63d62543e8
2026-05-14 08:34:19.155,FIN-WS22,r.owens,1,sshd,"sshd",cmd.exe,,,SHA256=0016768dc34bdda20016768dc34bdda20016768dc34bdda20016768dc34bdda2
2026-05-14 08:45:24.749,VDI-POOL-03,m.sato,1,outlook.exe,"outlook.exe",systemd,,,SHA256=001f7225f7a0613b001f7225f7a0613b001f7225f7a0613b001f7225f7a0613b
2026-05-14 08:56:41.193,ENG-FS03,r.owens,1,git,"git",launchd,,,SHA256=000156d2a8034b60000156d2a8034b60000156d2a8034b60000156d2a8034b60
2026-05-14 09:05:10.149,ENG-FS03,svc-export,1,python3,"python3",explorer.exe,,,SHA256=000b792dd29d2665000b792dd29d2665000b792dd29d2665000b792dd29d2665
2026-05-14 09:14:33.751,VDI-POOL-02,svc-export,1,python3,"python3",explorer.exe,,,SHA256=00136df73271c51000136df73271c51000136df73271c51000136df73271c510
2026-05-14 09:24:27.234,ENG-FS03,svc_ediscovery,1,outlook.exe,"outlook.exe",explorer.exe,,,SHA256=000c413faff29669000c413faff29669000c413faff29669000c413faff29669
2026-05-14 09:31:43.299,HR-LT19,svc-export,1,outlook.exe,"outlook.exe",systemd,,,SHA256=0015feba398d44890015feba398d44890015feba398d44890015feba398d4489
2026-05-14 09:41:29.189,build-agent-03,svc-build,1,slack.exe,"slack.exe",systemd,,,SHA256=00166230fe5f41d600166230fe5f41d600166230fe5f41d600166230fe5f41d6
2026-05-14 09:50:10.964,FIN-WS22,svc-export,1,node,"node",explorer.exe,,,SHA256=000d31222ee13f37000d31222ee13f37000d31222ee13f37000d31222ee13f37
2026-05-14 09:54:22.925,build-agent-03,svc-build,1,slack.exe,"slack.exe",launchd,,,SHA256=00197ccf02a2132300197ccf02a2132300197ccf02a2132300197ccf02a21323
2026-05-14 09:59:40.018,VDI-POOL-02,svc-export,1,chrome.exe,"chrome.exe",explorer.exe,,,SHA256=0007fbc7de822c960007fbc7de822c960007fbc7de822c960007fbc7de822c96
2026-05-14 10:05:12.451,build-agent-03,svc_ediscovery,1,python3,"python3",systemd,,,SHA256=0018763ddb2b964f0018763ddb2b964f0018763ddb2b964f0018763ddb2b964f
2026-05-14 10:14:38.605,VDI-POOL-02,svc-build,1,outlook.exe,"outlook.exe",cmd.exe,,,SHA256=000f4f9dffd59dec000f4f9dffd59dec000f4f9dffd59dec000f4f9dffd59dec
2026-05-14 10:20:37.311,VDI-POOL-02,svc-build,1,python3,"python3",explorer.exe,,,SHA256=000488c19de7b7b8000488c19de7b7b8000488c19de7b7b8000488c19de7b7b8
2026-05-14 10:27:55.006,FIN-WS22,svc_ediscovery,1,sshd,"sshd",launchd,,,SHA256=0014e205aba703480014e205aba703480014e205aba703480014e205aba70348
2026-05-14 10:33:47.447,ENG-FS03,a.chen,1,git,"git",explorer.exe,,,SHA256=0015204e9116363a0015204e9116363a0015204e9116363a0015204e9116363a
2026-05-14 10:36:18.378,VDI-POOL-03,m.sato,1,outlook.exe,"outlook.exe",systemd,,,SHA256=0011e0a1477379b90011e0a1477379b90011e0a1477379b90011e0a1477379b9
2026-05-14 10:45:06.478,HR-LT19,a.chen,1,outlook.exe,"outlook.exe",systemd,,,SHA256=000364e0b047448a000364e0b047448a000364e0b047448a000364e0b047448a
2026-05-14 10:54:03.517,HR-LT19,r.owens,1,python3,"python3",explorer.exe,,,SHA256=0000a04a52c33ed10000a04a52c33ed10000a04a52c33ed10000a04a52c33ed1
2026-05-14 10:58:36.023,VDI-POOL-03,svc-export,1,chrome.exe,"chrome.exe",explorer.exe,,,SHA256=000a14a542a215d4000a14a542a215d4000a14a542a215d4000a14a542a215d4
2026-05-14 11:04:13.827,VDI-POOL-02,svc_ediscovery,1,slack.exe,"slack.exe",explorer.exe,,,SHA256=0016dd074e1ca55c0016dd074e1ca55c0016dd074e1ca55c0016dd074e1ca55c
2026-05-14 11:12:44.302,FIN-WS22,r.owens,1,git,"git",launchd,,,SHA256=000d6b3b5f1c5192000d6b3b5f1c5192000d6b3b5f1c5192000d6b3b5f1c5192
2026-05-14 11:17:22.299,build-agent-03,svc_ediscovery,1,outlook.exe,"outlook.exe",systemd,,,SHA256=0004af3e5200a75c0004af3e5200a75c0004af3e5200a75c0004af3e5200a75c
2026-05-14 11:20:42.882,FIN-WS22,j.patel,1,outlook.exe,"outlook.exe",launchd,,,SHA256=00010281cb69aaad00010281cb69aaad00010281cb69aaad00010281cb69aaad
2026-05-14 11:27:25.931,VDI-POOL-02,j.patel,1,python3,"python3",launchd,,,SHA256=000b8594312e7147000b8594312e7147000b8594312e7147000b8594312e7147
2026-05-14 11:36:06.062,VDI-POOL-03,r.owens,1,node,"node",explorer.exe,,,SHA256=001615e4d67a15d8001615e4d67a15d8001615e4d67a15d8001615e4d67a15d8
2026-05-14 11:44:54.643,FIN-WS22,svc-export,1,powershell.exe,"powershell.exe",systemd,,,SHA256=0020072fa92b82820020072fa92b82820020072fa92b82820020072fa92b8282
2026-05-14 11:48:08.020,HR-LT19,m.sato,1,sshd,"sshd",launchd,,,SHA256=001a9c8a09d35b2b001a9c8a09d35b2b001a9c8a09d35b2b001a9c8a09d35b2b
2026-05-14 11:52:51.365,VDI-POOL-02,a.chen,1,chrome.exe,"chrome.exe",systemd,,,SHA256=001f783c23ef3f20001f783c23ef3f20001f783c23ef3f20001f783c23ef3f20
2026-05-14 12:03:43.452,VDI-POOL-02,a.chen,1,outlook.exe,"outlook.exe",launchd,,,SHA256=001d94727455fefd001d94727455fefd001d94727455fefd001d94727455fefd
2026-05-14 12:07:25.602,HR-LT19,m.sato,1,powershell.exe,"powershell.exe",systemd,,,SHA256=00004bdb10e30ed500004bdb10e30ed500004bdb10e30ed500004bdb10e30ed5
2026-05-14 12:14:38.077,VDI-POOL-03,a.chen,1,slack.exe,"slack.exe",systemd,,,SHA256=0004dc1af4cdbe050004dc1af4cdbe050004dc1af4cdbe050004dc1af4cdbe05
2026-05-14 12:18:18.412,FIN-WS22,svc-build,1,node,"node",cmd.exe,,,SHA256=000aa802f560653f000aa802f560653f000aa802f560653f000aa802f560653f
2026-05-14 12:26:06.005,ENG-FS03,m.sato,1,git,"git",systemd,,,SHA256=0017313a0efd18b30017313a0efd18b30017313a0efd18b30017313a0efd18b3
2026-05-14 12:37:22.347,HR-LT19,svc_ediscovery,1,chrome.exe,"chrome.exe",explorer.exe,,,SHA256=001249f472be4f58001249f472be4f58001249f472be4f58001249f472be4f58
2026-05-14 12:45:31.575,build-agent-03,svc-build,1,git,"git",explorer.exe,,,SHA256=0014eea979a3a9ca0014eea979a3a9ca0014eea979a3a9ca0014eea979a3a9ca
2026-05-14 12:50:35.532,HR-LT19,r.owens,1,node,"node",cmd.exe,,,SHA256=0008c264960862350008c264960862350008c264960862350008c26496086235
2026-05-14 12:56:43.915,ENG-FS03,svc_ediscovery,1,slack.exe,"slack.exe",cmd.exe,,,SHA256=00101b27a617444000101b27a617444000101b27a617444000101b27a6174440
2026-05-14 13:07:14.698,HR-LT19,r.owens,1,git,"git",cmd.exe,,,SHA256=001e11cf48cb2703001e11cf48cb2703001e11cf48cb2703001e11cf48cb2703
2026-05-14 13:13:33.081,VDI-POOL-02,svc-build,1,node,"node",systemd,,,SHA256=00220aaee8cc145a00220aaee8cc145a00220aaee8cc145a00220aaee8cc145a
2026-05-14 13:21:07.587,FIN-WS22,svc-export,1,node,"node",cmd.exe,,,SHA256=0011d499b3dc60410011d499b3dc60410011d499b3dc60410011d499b3dc6041
2026-05-14 13:28:27.276,HR-LT19,svc-build,1,sshd,"sshd",systemd,,,SHA256=00087860bf34400100087860bf34400100087860bf34400100087860bf344001
2026-05-14 13:34:30.796,HR-LT19,svc-export,1,python3,"python3",launchd,,,SHA256=000314674c48c440000314674c48c440000314674c48c440000314674c48c440
2026-05-14 13:37:11.265,VDI-POOL-03,svc-build,1,outlook.exe,"outlook.exe",explorer.exe,,,SHA256=0003eea52ad1c2680003eea52ad1c2680003eea52ad1c2680003eea52ad1c268
2026-05-14 13:42:14.724,VDI-POOL-03,svc-export,1,node,"node",cmd.exe,,,SHA256=0016bba9275d08db0016bba9275d08db0016bba9275d08db0016bba9275d08db
2026-05-14 13:51:16.719,ENG-FS03,m.sato,1,git,"git",systemd,,,SHA256=000cdd7f2ce67ee3000cdd7f2ce67ee3000cdd7f2ce67ee3000cdd7f2ce67ee3
2026-05-14 13:56:22.944,FIN-WS22,r.owens,1,python3,"python3",systemd,,,SHA256=0014c5bd980b5c720014c5bd980b5c720014c5bd980b5c720014c5bd980b5c72
2026-05-14 14:00:35.871,HR-LT19,m.sato,1,powershell.exe,"powershell.exe",launchd,,,SHA256=000ab6b58046c701000ab6b58046c701000ab6b58046c701000ab6b58046c701
2026-05-14 14:10:28.914,build-agent-03,j.patel,1,outlook.exe,"outlook.exe",launchd,,,SHA256=0001a0c0441da82b0001a0c0441da82b0001a0c0441da82b0001a0c0441da82b
2026-05-14 14:20:00.459,build-agent-03,svc-build,1,outlook.exe,"outlook.exe",launchd,,,SHA256=00020d998167cfea00020d998167cfea00020d998167cfea00020d998167cfea
2026-05-14 14:30:38.594,VDI-POOL-03,r.owens,1,node,"node",explorer.exe,,,SHA256=001f13e93042376c001f13e93042376c001f13e93042376c001f13e93042376c
2026-05-14 14:35:28.588,ENG-FS03,svc-export,1,sshd,"sshd",launchd,,,SHA256=000cc3a16f39d2fe000cc3a16f39d2fe000cc3a16f39d2fe000cc3a16f39d2fe
2026-05-14 14:38:03.143,VDI-POOL-03,r.owens,1,python3,"python3",systemd,,,SHA256=00089d9bcbb9a09100089d9bcbb9a09100089d9bcbb9a09100089d9bcbb9a091
2026-05-14 14:43:52.744,HR-LT19,svc-export,1,node,"node",explorer.exe,,,SHA256=001bb3ba3b0ed5ad001bb3ba3b0ed5ad001bb3ba3b0ed5ad001bb3ba3b0ed5ad
2026-05-14 14:47:51.496,build-agent-03,svc_ediscovery,1,slack.exe,"slack.exe",launchd,,,SHA256=00204bb08a360af400204bb08a360af400204bb08a360af400204bb08a360af4
2026-05-14 14:53:02.830,build-agent-03,svc-build,1,powershell.exe,"powershell.exe",launchd,,,SHA256=00184bbb78c3549200184bbb78c3549200184bbb78c3549200184bbb78c35492
2026-05-14 14:58:48.265,VDI-POOL-02,m.sato,1,git,"git",launchd,,,SHA256=0012ca7b956f2e1e0012ca7b956f2e1e0012ca7b956f2e1e0012ca7b956f2e1e
2026-05-14 15:02:28.716,VDI-POOL-02,svc-build,1,outlook.exe,"outlook.exe",launchd,,,SHA256=000cb4838e074dd5000cb4838e074dd5000cb4838e074dd5000cb4838e074dd5
2026-05-14 15:09:08.000,build-agent-03,svc-build,1,powershell.exe,"powershell.exe",explorer.exe,,,SHA256=001566adc8aca648001566adc8aca648001566adc8aca648001566adc8aca648
2026-05-14 15:17:27.424,HR-LT19,svc-export,1,sshd,"sshd",systemd,,,SHA256=00020afedb9666c100020afedb9666c100020afedb9666c100020afedb9666c1
2026-05-14 15:20:52.509,VDI-POOL-03,m.sato,1,outlook.exe,"outlook.exe",cmd.exe,,,SHA256=002116e306ed7a18002116e306ed7a18002116e306ed7a18002116e306ed7a18
2026-05-14 15:24:10.678,FIN-WS22,j.patel,1,node,"node",explorer.exe,,,SHA256=002237c7d5a428a4002237c7d5a428a4002237c7d5a428a4002237c7d5a428a4
2026-05-14 15:29:43.520,build-agent-03,svc-build,1,node,"node",cmd.exe,,,SHA256=001881839abaed97001881839abaed97001881839abaed97001881839abaed97
2026-05-14 15:38:49.204,ENG-FS03,r.owens,1,slack.exe,"slack.exe",cmd.exe,,,SHA256=0009816d5fa590e50009816d5fa590e50009816d5fa590e50009816d5fa590e5
2026-05-14 15:50:18.641,VDI-POOL-03,a.chen,1,chrome.exe,"chrome.exe",cmd.exe,,,SHA256=001099c92149fe77001099c92149fe77001099c92149fe77001099c92149fe77
2026-05-14 15:56:20.759,ENG-FS03,a.chen,1,git,"git",launchd,,,SHA256=001f99ad94ad706a001f99ad94ad706a001f99ad94ad706a001f99ad94ad706a
2026-05-14 16:07:44.146,VDI-POOL-02,j.patel,1,powershell.exe,"powershell.exe",explorer.exe,,,SHA256=001fd7668e402585001fd7668e402585001fd7668e402585001fd7668e402585
2026-05-14 16:12:09.508,VDI-POOL-03,r.owens,1,slack.exe,"slack.exe",cmd.exe,,,SHA256=001342a74f49562a001342a74f49562a001342a74f49562a001342a74f49562a
2026-05-14 16:14:53.785,ENG-FS03,m.sato,1,git,"git",cmd.exe,,,SHA256=00199eb07fa7396b00199eb07fa7396b00199eb07fa7396b00199eb07fa7396b
2026-05-14 16:20:34.997,VDI-POOL-02,a.chen,1,git,"git",explorer.exe,,,SHA256=000513c81d48010f000513c81d48010f000513c81d48010f000513c81d48010f
2026-05-14 16:28:08.418,VDI-POOL-03,svc-export,1,outlook.exe,"outlook.exe",explorer.exe,,,SHA256=000ee5b704cf8ea9000ee5b704cf8ea9000ee5b704cf8ea9000ee5b704cf8ea9
2026-05-14 16:34:29.583,HR-LT19,m.sato,1,chrome.exe,"chrome.exe",explorer.exe,,,SHA256=001c5abbe93b9510001c5abbe93b9510001c5abbe93b9510001c5abbe93b9510
2026-05-14 16:44:26.896,ENG-FS03,j.patel,1,slack.exe,"slack.exe",launchd,,,SHA256=001a0e652afeb0d5001a0e652afeb0d5001a0e652afeb0d5001a0e652afeb0d5
2026-05-14 16:54:13.818,build-agent-03,svc_ediscovery,1,node,"node",cmd.exe,,,SHA256=001e1a2695240f8e001e1a2695240f8e001e1a2695240f8e001e1a2695240f8e
2026-05-14 16:59:24.255,ENG-FS03,j.patel,1,node,"node",cmd.exe,,,SHA256=0019b7abcb0851110019b7abcb0851110019b7abcb0851110019b7abcb085111
2026-05-14 17:03:19.898,FIN-WS22,svc-export,1,slack.exe,"slack.exe",systemd,,,SHA256=0018ede29e9ab6ed0018ede29e9ab6ed0018ede29e9ab6ed0018ede29e9ab6ed
2026-05-14 17:14:48.893,ENG-FS03,j.patel,1,node,"node",cmd.exe,,,SHA256=00072979aedf45cb00072979aedf45cb00072979aedf45cb00072979aedf45cb
2026-05-14 17:24:23.928,ENG-FS03,svc-export,1,powershell.exe,"powershell.exe",launchd,,,SHA256=00105e747670817600105e747670817600105e747670817600105e7476708176
2026-05-14 17:30:56.041,VDI-POOL-03,r.owens,1,git,"git",launchd,,,SHA256=00171494f4d1b7bb00171494f4d1b7bb00171494f4d1b7bb00171494f4d1b7bb
2026-05-14 17:39:48.361,VDI-POOL-03,svc-export,1,chrome.exe,"chrome.exe",cmd.exe,,,SHA256=00133ccbbb7aaf6a00133ccbbb7aaf6a00133ccbbb7aaf6a00133ccbbb7aaf6a
2026-05-14 17:43:50.450,VDI-POOL-03,svc-build,1,slack.exe,"slack.exe",cmd.exe,,,SHA256=00234f0b1195d81800234f0b1195d81800234f0b1195d81800234f0b1195d818
2026-05-14 17:50:46.609,VDI-POOL-03,svc-build,1,outlook.exe,"outlook.exe",systemd,,,SHA256=001c98f397ea1469001c98f397ea1469001c98f397ea1469001c98f397ea1469
2026-05-14 17:53:36.863,build-agent-03,r.owens,1,chrome.exe,"chrome.exe",explorer.exe,,,SHA256=001d86d06a4cbc1b001d86d06a4cbc1b001d86d06a4cbc1b001d86d06a4cbc1b
2026-05-14 17:58:42.443,VDI-POOL-02,m.sato,1,sshd,"sshd",systemd,,,SHA256=002078b12ac0cc04002078b12ac0cc04002078b12ac0cc04002078b12ac0cc04
2026-05-14 18:09:32.434,HR-LT19,svc-build,1,sshd,"sshd",cmd.exe,,,SHA256=0022a61d113a39b80022a61d113a39b80022a61d113a39b80022a61d113a39b8
2026-05-14 18:17:27.420,FIN-WS22,svc-export,1,chrome.exe,"chrome.exe",systemd,,,SHA256=00203901c3e6559e00203901c3e6559e00203901c3e6559e00203901c3e6559e
2026-05-14 18:23:40.912,build-agent-03,svc-build,1,python3,"python3",cmd.exe,,,SHA256=000f4556b9a9e199000f4556b9a9e199000f4556b9a9e199000f4556b9a9e199
2026-05-14 18:32:40.209,FIN-WS22,a.chen,1,git,"git",explorer.exe,,,SHA256=0007e034e589538a0007e034e589538a0007e034e589538a0007e034e589538a
2026-05-14 18:39:44.013,FIN-WS22,a.chen,1,powershell.exe,"powershell.exe",launchd,,,SHA256=0005347f60b4725e0005347f60b4725e0005347f60b4725e0005347f60b4725e
2026-05-14 18:50:02.306,FIN-WS22,svc-export,1,sshd,"sshd",systemd,,,SHA256=001738bba7b56962001738bba7b56962001738bba7b56962001738bba7b56962
2026-05-14 18:58:11.035,build-agent-03,a.chen,1,slack.exe,"slack.exe",cmd.exe,,,SHA256=000661224a716112000661224a716112000661224a716112000661224a716112
2026-05-14 19:04:45.253,HR-LT19,svc-build,1,sshd,"sshd",launchd,,,SHA256=0022f177db61f5a40022f177db61f5a40022f177db61f5a40022f177db61f5a4
2026-05-14 19:10:23.405,ENG-FS03,j.patel,1,powershell.exe,"powershell.exe",systemd,,,SHA256=00035f3d996752ef00035f3d996752ef00035f3d996752ef00035f3d996752ef
2026-05-14 19:13:15.111,ENG-FS03,j.patel,1,git,"git",launchd,,,SHA256=00092b888f0ba29100092b888f0ba29100092b888f0ba29100092b888f0ba291
2026-05-14 19:21:16.444,VDI-POOL-03,svc-export,1,python3,"python3",cmd.exe,,,SHA256=001a6a0624f2a455001a6a0624f2a455001a6a0624f2a455001a6a0624f2a455
2026-05-14 19:31:40.542,build-agent-03,svc_ediscovery,1,outlook.exe,"outlook.exe",cmd.exe,,,SHA256=00220aaed9410a4800220aaed9410a4800220aaed9410a4800220aaed9410a48
2026-05-14 19:37:56.299,VDI-POOL-03,m.sato,1,chrome.exe,"chrome.exe",cmd.exe,,,SHA256=001af063a0845907001af063a0845907001af063a0845907001af063a0845907
2026-05-14 19:41:21.504,VDI-POOL-02,a.chen,1,outlook.exe,"outlook.exe",cmd.exe,,,SHA256=00132a4b1a37ea2000132a4b1a37ea2000132a4b1a37ea2000132a4b1a37ea20
2026-05-14 19:45:35.585,build-agent-03,r.owens,1,node,"node",cmd.exe,,,SHA256=000da6be0cdf11a6000da6be0cdf11a6000da6be0cdf11a6000da6be0cdf11a6
2026-05-14 19:56:56.166,VDI-POOL-02,m.sato,1,outlook.exe,"outlook.exe",explorer.exe,,,SHA256=0002d090f798a1440002d090f798a1440002d090f798a1440002d090f798a144
2026-05-14 20:02:46.918,HR-LT19,r.owens,1,chrome.exe,"chrome.exe",cmd.exe,,,SHA256=0011cbc51e8ee2720011cbc51e8ee2720011cbc51e8ee2720011cbc51e8ee272
2026-05-14 20:12:34.298,ENG-FS03,m.sato,1,chrome.exe,"chrome.exe",explorer.exe,,,SHA256=0000816d3022f6940000816d3022f6940000816d3022f6940000816d3022f694
2026-05-14 20:22:59.155,build-agent-03,m.sato,1,node,"node",cmd.exe,,,SHA256=00219ebddcd9273e00219ebddcd9273e00219ebddcd9273e00219ebddcd9273e
2026-05-14 20:28:05.989,VDI-POOL-02,r.owens,1,chrome.exe,"chrome.exe",cmd.exe,,,SHA256=00073ad7852e61ba00073ad7852e61ba00073ad7852e61ba00073ad7852e61ba
2026-05-14 20:35:16.749,VDI-POOL-02,j.patel,1,git,"git",launchd,,,SHA256=0011d9ba78cfb0b10011d9ba78cfb0b10011d9ba78cfb0b10011d9ba78cfb0b1
2026-05-14 20:42:45.192,HR-LT19,a.chen,1,chrome.exe,"chrome.exe",launchd,,,SHA256=001c74246923538a001c74246923538a001c74246923538a001c74246923538a
2026-05-14 20:49:48.291,ENG-FS03,svc-export,1,powershell.exe,"powershell.exe",systemd,,,SHA256=00055cea8861e6c500055cea8861e6c500055cea8861e6c500055cea8861e6c5
2026-05-14 20:53:28.217,VDI-POOL-03,m.sato,1,slack.exe,"slack.exe",systemd,,,SHA256=0017dba6bdfb399d0017dba6bdfb399d0017dba6bdfb399d0017dba6bdfb399d
2026-05-14 21:01:25.921,HR-LT19,svc-build,1,node,"node",launchd,,,SHA256=00104d839febbc7d00104d839febbc7d00104d839febbc7d00104d839febbc7d
2026-05-14 21:08:37.905,ENG-FS03,svc_ediscovery,1,git,"git",cmd.exe,,,SHA256=000bf526e84f392f000bf526e84f392f000bf526e84f392f000bf526e84f392f
2026-05-14 21:17:02.893,FIN-WS22,r.owens,1,slack.exe,"slack.exe",explorer.exe,,,SHA256=00073ba5dcc290df00073ba5dcc290df00073ba5dcc290df00073ba5dcc290df
2026-05-14 21:21:24.860,HR-LT19,j.patel,1,slack.exe,"slack.exe",systemd,,,SHA256=00182e4a1b5ddd3700182e4a1b5ddd3700182e4a1b5ddd3700182e4a1b5ddd37
2026-05-14 21:27:32.246,VDI-POOL-02,m.sato,1,powershell.exe,"powershell.exe",launchd,,,SHA256=00152f853fed593d00152f853fed593d00152f853fed593d00152f853fed593d
2026-05-14 21:31:47.723,VDI-POOL-02,svc-build,1,chrome.exe,"chrome.exe",cmd.exe,,,SHA256=0020331e9b6c33c80020331e9b6c33c80020331e9b6c33c80020331e9b6c33c8
2026-05-14 21:42:35.122,build-agent-03,r.owens,1,node,"node",cmd.exe,,,SHA256=00195bdf08d2b09f00195bdf08d2b09f00195bdf08d2b09f00195bdf08d2b09f
2026-05-14 21:49:35.110,VDI-POOL-03,r.owens,1,slack.exe,"slack.exe",systemd,,,SHA256=0010b5b0bf9816a50010b5b0bf9816a50010b5b0bf9816a50010b5b0bf9816a5
2026-05-14 21:53:02.914,build-agent-03,a.chen,1,git,"git",launchd,,,SHA256=00236cda63f6a89000236cda63f6a89000236cda63f6a89000236cda63f6a890
2026-05-14 21:56:42.454,FIN-WS22,r.owens,1,slack.exe,"slack.exe",explorer.exe,,,SHA256=0022fec32a589b280022fec32a589b280022fec32a589b280022fec32a589b28
2026-05-14 22:07:43.049,FIN-WS22,r.owens,1,sshd,"sshd",explorer.exe,,,SHA256=0020f4d4d573770c0020f4d4d573770c0020f4d4d573770c0020f4d4d573770c
2026-05-14 22:14:17.619,ENG-FS03,a.chen,1,powershell.exe,"powershell.exe",explorer.exe,,,SHA256=000b63b78cd5e556000b63b78cd5e556000b63b78cd5e556000b63b78cd5e556
2026-05-14 22:21:53.840,ENG-FS03,svc-build,1,slack.exe,"slack.exe",explorer.exe,,,SHA256=00087a1f6d1f5dc700087a1f6d1f5dc700087a1f6d1f5dc700087a1f6d1f5dc7
2026-05-14 22:24:59.781,HR-LT19,svc-build,1,slack.exe,"slack.exe",launchd,,,SHA256=000de8e88e0eda3e000de8e88e0eda3e000de8e88e0eda3e000de8e88e0eda3e
2026-05-14 22:30:19.452,HR-LT19,svc_ediscovery,1,outlook.exe,"outlook.exe",launchd,,,SHA256=0009b01ec17566a20009b01ec17566a20009b01ec17566a20009b01ec17566a2
2026-05-14 22:37:16.685,VDI-POOL-02,svc-build,1,powershell.exe,"powershell.exe",launchd,,,SHA256=000cde1837016d91000cde1837016d91000cde1837016d91000cde1837016d91
2026-05-14 22:42:31.672,ENG-FS03,j.patel,1,git,"git",cmd.exe,,,SHA256=000c3a176ac4d169000c3a176ac4d169000c3a176ac4d169000c3a176ac4d169
2026-05-14 22:48:16.031,VDI-POOL-03,j.patel,1,python3,"python3",cmd.exe,,,SHA256=0009148403ef86870009148403ef86870009148403ef86870009148403ef8687
2026-05-14 22:52:50.781,FIN-WS22,m.sato,1,sshd,"sshd",cmd.exe,,,SHA256=0007a6d4502b4ed10007a6d4502b4ed10007a6d4502b4ed10007a6d4502b4ed1
2026-05-14 23:03:07.346,VDI-POOL-03,svc_ediscovery,1,slack.exe,"slack.exe",explorer.exe,,,SHA256=00071a0ae0a2b7ef00071a0ae0a2b7ef00071a0ae0a2b7ef00071a0ae0a2b7ef
2026-05-14 23:08:53.457,HR-LT19,svc-export,1,node,"node",cmd.exe,,,SHA256=0001ab1ff8ba64b00001ab1ff8ba64b00001ab1ff8ba64b00001ab1ff8ba64b0
2026-05-14 23:17:41.345,HR-LT19,svc_ediscovery,1,python3,"python3",explorer.exe,,,SHA256=001c517eac954796001c517eac954796001c517eac954796001c517eac954796
2026-05-14 23:20:21.273,HR-LT19,m.sato,1,python3,"python3",launchd,,,SHA256=000f4f317c63977d000f4f317c63977d000f4f317c63977d000f4f317c63977d
2026-05-14 23:29:34.381,FIN-WS22,r.owens,1,sshd,"sshd",systemd,,,SHA256=000c5c7f224d40db000c5c7f224d40db000c5c7f224d40db000c5c7f224d40db
2026-05-14 23:40:38.956,HR-LT19,a.chen,1,node,"node",cmd.exe,,,SHA256=000d022e1d72350a000d022e1d72350a000d022e1d72350a000d022e1d72350a
2026-05-14 23:44:36.253,FIN-WS22,svc_ediscovery,1,powershell.exe,"powershell.exe",cmd.exe,,,SHA256=00209c1f95368e9200209c1f95368e9200209c1f95368e9200209c1f95368e92
2026-05-14 23:50:57.225,HR-LT19,j.patel,1,powershell.exe,"powershell.exe",explorer.exe,,,SHA256=000a27231d12dc7e000a27231d12dc7e000a27231d12dc7e000a27231d12dc7e
2026-05-15 00:00:00.211,ENG-FS03,j.patel,1,slack.exe,"slack.exe",launchd,,,SHA256=0010fc304dd658180010fc304dd658180010fc304dd658180010fc304dd65818
2026-05-15 00:10:50.625,VDI-POOL-03,j.patel,1,git,"git",launchd,,,SHA256=00119a7e8d881f9700119a7e8d881f9700119a7e8d881f9700119a7e8d881f97
2026-05-15 00:18:24.664,VDI-POOL-02,svc_ediscovery,1,python3,"python3",cmd.exe,,,SHA256=001587ff9b561db6001587ff9b561db6001587ff9b561db6001587ff9b561db6
2026-05-15 00:27:46.423,FIN-WS22,j.patel,1,outlook.exe,"outlook.exe",explorer.exe,,,SHA256=001678ff0cead920001678ff0cead920001678ff0cead920001678ff0cead920
2026-05-15 00:35:16.714,ENG-FS03,svc-export,1,chrome.exe,"chrome.exe",explorer.exe,,,SHA256=00110f438bda503900110f438bda503900110f438bda503900110f438bda5039
2026-05-15 00:38:16.240,HR-LT19,r.owens,1,slack.exe,"slack.exe",explorer.exe,,,SHA256=0000292050bf14af0000292050bf14af0000292050bf14af0000292050bf14af
2026-05-15 00:41:58.245,VDI-POOL-03,svc-export,1,python3,"python3",cmd.exe,,,SHA256=00056cd88c3c5fd000056cd88c3c5fd000056cd88c3c5fd000056cd88c3c5fd0
2026-05-15 00:51:47.724,ENG-FS03,svc-build,1,chrome.exe,"chrome.exe",explorer.exe,,,SHA256=002097abe618a3a2002097abe618a3a2002097abe618a3a2002097abe618a3a2
2026-05-15 00:56:15.941,HR-LT19,r.owens,1,python3,"python3",cmd.exe,,,SHA256=000be8a6148c7e27000be8a6148c7e27000be8a6148c7e27000be8a6148c7e27
2026-05-15 00:59:49.192,HR-LT19,j.patel,1,sshd,"sshd",cmd.exe,,,SHA256=000c83b8ba29bb5b000c83b8ba29bb5b000c83b8ba29bb5b000c83b8ba29bb5b
2026-05-15 01:06:47.226,build-agent-03,j.patel,1,powershell.exe,"powershell.exe",launchd,,,SHA256=000670f93f3d8fc4000670f93f3d8fc4000670f93f3d8fc4000670f93f3d8fc4
2026-05-15 01:14:45.801,HR-LT19,r.owens,1,python3,"python3",explorer.exe,,,SHA256=001550be3ff338b9001550be3ff338b9001550be3ff338b9001550be3ff338b9
2026-05-15 01:20:14.740,VDI-POOL-02,m.sato,1,sshd,"sshd",explorer.exe,,,SHA256=001c7310635408a1001c7310635408a1001c7310635408a1001c7310635408a1
2026-05-15 01:30:01.425,ENG-FS03,svc_ediscovery,1,powershell.exe,"powershell.exe",explorer.exe,,,SHA256=001957c484b964d8001957c484b964d8001957c484b964d8001957c484b964d8
2026-05-15 01:41:12.598,build-agent-03,svc_ediscovery,1,sshd,"sshd",explorer.exe,,,SHA256=00116379cb4ab00900116379cb4ab00900116379cb4ab00900116379cb4ab009
2026-05-15 01:52:26.038,FIN-WS22,svc-export,1,python3,"python3",explorer.exe,,,SHA256=001f78c1af96570c001f78c1af96570c001f78c1af96570c001f78c1af96570c
2026-05-15 02:02:28.288,VDI-POOL-02,r.owens,1,python3,"python3",launchd,,,SHA256=00204de4a63187b600204de4a63187b600204de4a63187b600204de4a63187b6
2026-05-15 02:09:04.042,VDI-POOL-03,r.owens,1,python3,"python3",launchd,,,SHA256=000425b3513f5019000425b3513f5019000425b3513f5019000425b3513f5019
2026-05-15 02:12:54.722,build-agent-03,svc-export,1,git,"git",systemd,,,SHA256=0018fb07271052290018fb07271052290018fb07271052290018fb0727105229
2026-05-15 02:23:24.585,VDI-POOL-03,j.patel,1,outlook.exe,"outlook.exe",cmd.exe,,,SHA256=001b67feece3aab7001b67feece3aab7001b67feece3aab7001b67feece3aab7
2026-05-15 02:26:07.526,ENG-FS03,svc_ediscovery,1,outlook.exe,"outlook.exe",systemd,,,SHA256=0009e37be6f5744a0009e37be6f5744a0009e37be6f5744a0009e37be6f5744a
2026-05-15 02:33:30.558,FIN-WS22,svc-export,1,slack.exe,"slack.exe",systemd,,,SHA256=001fdd21571b3d45001fdd21571b3d45001fdd21571b3d45001fdd21571b3d45
2026-05-15 02:43:53.345,HR-LT19,m.sato,1,python3,"python3",systemd,,,SHA256=001a6b6154212e43001a6b6154212e43001a6b6154212e43001a6b6154212e43
2026-05-15 02:52:48.568,VDI-POOL-03,m.sato,1,outlook.exe,"outlook.exe",launchd,,,SHA256=000e420ec8b748ca000e420ec8b748ca000e420ec8b748ca000e420ec8b748ca
2026-05-15 03:02:55.502,VDI-POOL-03,m.sato,1,chrome.exe,"chrome.exe",cmd.exe,,,SHA256=00084f334fc1679900084f334fc1679900084f334fc1679900084f334fc16799
2026-05-15 03:05:57.817,build-agent-03,svc-build,1,git,"git",explorer.exe,,,SHA256=00103fdf9aca513300103fdf9aca513300103fdf9aca513300103fdf9aca5133
2026-05-15 03:12:14.019,HR-LT19,svc-export,1,python3,"python3",explorer.exe,,,SHA256=0003ca99a56b8a8a0003ca99a56b8a8a0003ca99a56b8a8a0003ca99a56b8a8a
2026-05-15 03:16:01.453,VDI-POOL-03,a.chen,1,chrome.exe,"chrome.exe",cmd.exe,,,SHA256=001a3bcf27047aca001a3bcf27047aca001a3bcf27047aca001a3bcf27047aca
2026-05-15 03:23:37.618,HR-LT19,svc-build,1,chrome.exe,"chrome.exe",explorer.exe,,,SHA256=001a7e623b912aad001a7e623b912aad001a7e623b912aad001a7e623b912aad
2026-05-15 03:31:59.555,VDI-POOL-03,m.sato,1,node,"node",systemd,,,SHA256=000c5541533348f3000c5541533348f3000c5541533348f3000c5541533348f3
2026-05-15 03:34:55.929,VDI-POOL-03,svc-build,1,powershell.exe,"powershell.exe",cmd.exe,,,SHA256=0021e8cd4fbe72c60021e8cd4fbe72c60021e8cd4fbe72c60021e8cd4fbe72c6
2026-05-15 03:37:48.572,FIN-WS22,svc_ediscovery,1,git,"git",explorer.exe,,,SHA256=001366ac6c9bda2d001366ac6c9bda2d001366ac6c9bda2d001366ac6c9bda2d
2026-05-15 03:46:40.792,ENG-FS03,j.patel,1,sshd,"sshd",cmd.exe,,,SHA256=00063cda211295e800063cda211295e800063cda211295e800063cda211295e8
2026-05-15 03:54:27.634,ENG-FS03,a.chen,1,sshd,"sshd",launchd,,,SHA256=00170f60858ffd4700170f60858ffd4700170f60858ffd4700170f60858ffd47
2026-05-15 04:04:56.128,build-agent-03,m.sato,1,slack.exe,"slack.exe",cmd.exe,,,SHA256=0000b227b80fbfd00000b227b80fbfd00000b227b80fbfd00000b227b80fbfd0
2026-05-15 04:07:57.800,VDI-POOL-03,r.owens,1,slack.exe,"slack.exe",cmd.exe,,,SHA256=001846b7be24bbe0001846b7be24bbe0001846b7be24bbe0001846b7be24bbe0
2026-05-15 04:13:16.511,ENG-FS03,m.sato,1,outlook.exe,"outlook.exe",launchd,,,SHA256=001dc1c7a70f407f001dc1c7a70f407f001dc1c7a70f407f001dc1c7a70f407f
2026-05-15 04:20:35.915,VDI-POOL-03,r.owens,1,python3,"python3",systemd,,,SHA256=0018343d02c936230018343d02c936230018343d02c936230018343d02c93623
2026-05-15 04:23:45.171,VDI-POOL-02,j.patel,1,node,"node",launchd,,,SHA256=000b728807e1ef18000b728807e1ef18000b728807e1ef18000b728807e1ef18
2026-05-15 04:26:50.387,VDI-POOL-03,svc-export,1,slack.exe,"slack.exe",explorer.exe,,,SHA256=00194b5583faebc200194b5583faebc200194b5583faebc200194b5583faebc2
2026-05-15 04:34:02.803,VDI-POOL-02,j.patel,1,chrome.exe,"chrome.exe",explorer.exe,,,SHA256=000d32042753fffb000d32042753fffb000d32042753fffb000d32042753fffb
2026-05-15 04:38:01.803,VDI-POOL-03,svc-build,1,powershell.exe,"powershell.exe",launchd,,,SHA256=0000610727bece320000610727bece320000610727bece320000610727bece32
2026-05-15 04:42:49.168,build-agent-03,svc_ediscovery,1,sshd,"sshd",launchd,,,SHA256=0018d703b21fca210018d703b21fca210018d703b21fca210018d703b21fca21
2026-05-15 04:48:56.954,VDI-POOL-03,svc-export,1,sshd,"sshd",systemd,,,SHA256=001d04d3dfbdb828001d04d3dfbdb828001d04d3dfbdb828001d04d3dfbdb828
2026-05-15 04:55:40.112,VDI-POOL-03,a.chen,1,slack.exe,"slack.exe",systemd,,,SHA256=0020f625983637b80020f625983637b80020f625983637b80020f625983637b8
2026-05-15 05:03:00.437,VDI-POOL-02,m.sato,1,git,"git",explorer.exe,,,SHA256=001bae88d03d2653001bae88d03d2653001bae88d03d2653001bae88d03d2653
2026-05-15 05:08:53.233,FIN-WS22,a.chen,1,chrome.exe,"chrome.exe",cmd.exe,,,SHA256=00052e500f52de0000052e500f52de0000052e500f52de0000052e500f52de00
2026-05-15 05:19:53.640,VDI-POOL-02,m.sato,1,sshd,"sshd",launchd,,,SHA256=0001586325c74d590001586325c74d590001586325c74d590001586325c74d59
2026-05-15 05:26:36.077,HR-LT19,svc-build,1,chrome.exe,"chrome.exe",systemd,,,SHA256=0005ea352592f8670005ea352592f8670005ea352592f8670005ea352592f867
2026-05-15 05:32:06.545,ENG-FS03,svc-export,1,powershell.exe,"powershell.exe",launchd,,,SHA256=000c2a41af54e915000c2a41af54e915000c2a41af54e915000c2a41af54e915
2026-05-15 05:41:41.341,FIN-WS22,svc-build,1,python3,"python3",systemd,,,SHA256=002278ec1524c2e4002278ec1524c2e4002278ec1524c2e4002278ec1524c2e4
2026-05-15 05:52:53.401,build-agent-03,m.sato,1,sshd,"sshd",cmd.exe,,,SHA256=001cf7e8b8166111001cf7e8b8166111001cf7e8b8166111001cf7e8b8166111
2026-05-15 06:00:14.217,HR-LT19,m.sato,1,slack.exe,"slack.exe",cmd.exe,,,SHA256=00026124306bef8e00026124306bef8e00026124306bef8e00026124306bef8e
2026-05-15 06:10:38.945,build-agent-03,svc-export,1,sshd,"sshd",cmd.exe,,,SHA256=0007d8d666af1e410007d8d666af1e410007d8d666af1e410007d8d666af1e41
2026-05-15 06:19:07.596,FIN-WS22,m.sato,1,python3,"python3",cmd.exe,,,SHA256=001b0391cba13387001b0391cba13387001b0391cba13387001b0391cba13387
2026-05-15 06:29:07.476,ENG-FS03,j.patel,1,slack.exe,"slack.exe",systemd,,,SHA256=001e19adf7572e01001e19adf7572e01001e19adf7572e01001e19adf7572e01
2026-05-15 06:33:41.527,build-agent-03,svc-export,1,outlook.exe,"outlook.exe",cmd.exe,,,SHA256=001396bf4d412706001396bf4d412706001396bf4d412706001396bf4d412706
2026-05-15 06:45:02.714,build-agent-03,m.sato,1,outlook.exe,"outlook.exe",launchd,,,SHA256=000cea76d47e8e4f000cea76d47e8e4f000cea76d47e8e4f000cea76d47e8e4f
2026-05-15 06:54:13.898,HR-LT19,j.patel,1,outlook.exe,"outlook.exe",launchd,,,SHA256=0005c7814993f4be0005c7814993f4be0005c7814993f4be0005c7814993f4be
2026-05-15 07:01:11.999,VDI-POOL-02,svc-build,1,chrome.exe,"chrome.exe",launchd,,,SHA256=0009326f8327bf4b0009326f8327bf4b0009326f8327bf4b0009326f8327bf4b
2026-05-15 07:10:29.974,FIN-WS22,m.sato,1,sshd,"sshd",launchd,,,SHA256=0020afe74b7e947a0020afe74b7e947a0020afe74b7e947a0020afe74b7e947a
2026-05-15 07:18:24.003,VDI-POOL-03,m.sato,1,chrome.exe,"chrome.exe",launchd,,,SHA256=0019ba1132a475ee0019ba1132a475ee0019ba1132a475ee0019ba1132a475ee
2026-05-15 07:24:09.023,ENG-FS03,m.sato,1,outlook.exe,"outlook.exe",explorer.exe,,,SHA256=0010dc05de688cf10010dc05de688cf10010dc05de688cf10010dc05de688cf1
2026-05-15 07:33:54.772,HR-LT19,j.patel,1,python3,"python3",systemd,,,SHA256=00030b124f7f8c0800030b124f7f8c0800030b124f7f8c0800030b124f7f8c08
2026-05-15 07:40:26.905,HR-LT19,r.owens,1,powershell.exe,"powershell.exe",launchd,,,SHA256=00038a8a583478ec00038a8a583478ec00038a8a583478ec00038a8a583478ec
2026-05-15 07:45:32.515,FIN-WS22,j.patel,1,slack.exe,"slack.exe",explorer.exe,,,SHA256=000551d9a97e897f000551d9a97e897f000551d9a97e897f000551d9a97e897f
2026-05-15 07:55:24.108,ENG-FS03,svc-build,1,node,"node",systemd,,,SHA256=0001b7bb5754cb9a0001b7bb5754cb9a0001b7bb5754cb9a0001b7bb5754cb9a
2026-05-15 08:03:37.199,VDI-POOL-02,r.owens,1,node,"node",explorer.exe,,,SHA256=000269920d4262c4000269920d4262c4000269920d4262c4000269920d4262c4
2026-05-15 08:10:49.357,VDI-POOL-02,a.chen,1,sshd,"sshd",explorer.exe,,,SHA256=001900196adf9031001900196adf9031001900196adf9031001900196adf9031
2026-05-15 08:17:46.636,FIN-WS22,svc-build,1,slack.exe,"slack.exe",systemd,,,SHA256=0014acb9d46648980014acb9d46648980014acb9d46648980014acb9d4664898
2026-05-15 08:20:39.534,HR-LT19,r.owens,1,sshd,"sshd",cmd.exe,,,SHA256=00120dfe2d1920c700120dfe2d1920c700120dfe2d1920c700120dfe2d1920c7
2026-05-15 08:30:26.360,ENG-FS03,svc-build,1,node,"node",launchd,,,SHA256=001aefe514c3a4ff001aefe514c3a4ff001aefe514c3a4ff001aefe514c3a4ff
2026-05-15 08:34:17.273,HR-LT19,j.patel,1,sshd,"sshd",systemd,,,SHA256=00202b530031107200202b530031107200202b530031107200202b5300311072
2026-05-15 08:42:36.222,HR-LT19,j.patel,1,python3,"python3",launchd,,,SHA256=001445813bd1a183001445813bd1a183001445813bd1a183001445813bd1a183
2026-05-15 08:50:18.228,ENG-FS03,svc-build,1,powershell.exe,"powershell.exe",systemd,,,SHA256=001bafb0ffc0c49c001bafb0ffc0c49c001bafb0ffc0c49c001bafb0ffc0c49c
2026-05-15 09:00:32.263,FIN-WS22,svc-export,1,git,"git",launchd,,,SHA256=0021724fe470d2ac0021724fe470d2ac0021724fe470d2ac0021724fe470d2ac
2026-05-15 09:10:40.628,build-agent-03,a.chen,1,outlook.exe,"outlook.exe",launchd,,,SHA256=000466027c7079aa000466027c7079aa000466027c7079aa000466027c7079aa
2026-05-15 09:13:38.044,ENG-FS03,r.owens,1,slack.exe,"slack.exe",explorer.exe,,,SHA256=00038cac5faae4be00038cac5faae4be00038cac5faae4be00038cac5faae4be
2026-05-15 09:24:00.362,build-agent-03,svc_ediscovery,1,python3,"python3",launchd,,,SHA256=0021082cfaf7aed00021082cfaf7aed00021082cfaf7aed00021082cfaf7aed0
2026-05-15 09:31:45.235,VDI-POOL-03,m.sato,1,sshd,"sshd",cmd.exe,,,SHA256=000d0aa0912d65b3000d0aa0912d65b3000d0aa0912d65b3000d0aa0912d65b3
2026-05-15 09:35:55.461,build-agent-03,svc-export,1,git,"git",systemd,,,SHA256=001281a859e5352d001281a859e5352d001281a859e5352d001281a859e5352d
2026-05-15 09:43:58.892,HR-LT19,r.owens,1,chrome.exe,"chrome.exe",cmd.exe,,,SHA256=0019d59b55d0087b0019d59b55d0087b0019d59b55d0087b0019d59b55d0087b
2026-05-15 09:54:34.466,VDI-POOL-02,j.patel,1,powershell.exe,"powershell.exe",explorer.exe,,,SHA256=001d4e2896a75e2d001d4e2896a75e2d001d4e2896a75e2d001d4e2896a75e2d
2026-05-15 10:00:48.481,VDI-POOL-02,m.sato,1,outlook.exe,"outlook.exe",systemd,,,SHA256=001c37b11a18fd71001c37b11a18fd71001c37b11a18fd71001c37b11a18fd71
2026-05-15 10:10:23.810,VDI-POOL-03,svc_ediscovery,1,python3,"python3",launchd,,,SHA256=000b1f416444051e000b1f416444051e000b1f416444051e000b1f416444051e
2026-05-15 10:16:21.327,HR-LT19,a.chen,1,sshd,"sshd",launchd,,,SHA256=000134458cf83c1f000134458cf83c1f000134458cf83c1f000134458cf83c1f
2026-05-15 10:19:19.938,build-agent-03,svc-build,1,python3,"python3",explorer.exe,,,SHA256=00151935c221701200151935c221701200151935c221701200151935c2217012
2026-05-15 10:27:20.789,VDI-POOL-02,svc-export,1,sshd,"sshd",launchd,,,SHA256=000c667470fada34000c667470fada34000c667470fada34000c667470fada34
2026-05-15 10:35:52.553,VDI-POOL-03,r.owens,1,sshd,"sshd",explorer.exe,,,SHA256=001fbf029bb643f6001fbf029bb643f6001fbf029bb643f6001fbf029bb643f6
2026-05-15 10:46:07.096,VDI-POOL-03,j.patel,1,node,"node",launchd,,,SHA256=000dd65b6f13cbc5000dd65b6f13cbc5000dd65b6f13cbc5000dd65b6f13cbc5
2026-05-15 10:52:15.963,VDI-POOL-02,m.sato,1,python3,"python3",cmd.exe,,,SHA256=00204df29a5607f200204df29a5607f200204df29a5607f200204df29a5607f2
2026-05-15 10:57:04.396,VDI-POOL-02,svc_ediscovery,1,node,"node",systemd,,,SHA256=0006e88c82a5a8c20006e88c82a5a8c20006e88c82a5a8c20006e88c82a5a8c2
2026-05-15 11:07:26.157,HR-LT19,svc-build,1,powershell.exe,"powershell.exe",cmd.exe,,,SHA256=001b4c77f61ff402001b4c77f61ff402001b4c77f61ff402001b4c77f61ff402
2026-05-15 11:11:33.199,build-agent-03,svc-build,1,powershell.exe,"powershell.exe",systemd,,,SHA256=0000f987eb0653ba0000f987eb0653ba0000f987eb0653ba0000f987eb0653ba
2026-05-15 11:16:11.846,FIN-WS22,r.owens,1,chrome.exe,"chrome.exe",launchd,,,SHA256=0002cc155bd306d40002cc155bd306d40002cc155bd306d40002cc155bd306d4
2026-05-15 11:19:13.016,FIN-WS22,svc-build,1,sshd,"sshd",launchd,,,SHA256=001238a134fc9dd2001238a134fc9dd2001238a134fc9dd2001238a134fc9dd2
2026-05-15 11:25:28.339,ENG-FS03,r.owens,1,outlook.exe,"outlook.exe",systemd,,,SHA256=000acdc078bc9ee3000acdc078bc9ee3000acdc078bc9ee3000acdc078bc9ee3
2026-05-15 11:28:35.623,build-agent-03,svc_ediscovery,1,python3,"python3",systemd,,,SHA256=000f6b04bd5d4400000f6b04bd5d4400000f6b04bd5d4400000f6b04bd5d4400
2026-05-15 11:39:13.744,HR-LT19,svc_ediscovery,1,git,"git",explorer.exe,,,SHA256=0021b8a33d5912d40021b8a33d5912d40021b8a33d5912d40021b8a33d5912d4
2026-05-15 11:50:35.014,VDI-POOL-02,svc-build,1,python3,"python3",systemd,,,SHA256=001c74ace6e8e18f001c74ace6e8e18f001c74ace6e8e18f001c74ace6e8e18f
2026-05-15 11:58:07.619,VDI-POOL-03,svc-build,1,git,"git",cmd.exe,,,SHA256=000a3fce3e42050e000a3fce3e42050e000a3fce3e42050e000a3fce3e42050e
2026-05-15 12:06:15.711,HR-LT19,svc-export,1,slack.exe,"slack.exe",explorer.exe,,,SHA256=0001c0185f64b3ce0001c0185f64b3ce0001c0185f64b3ce0001c0185f64b3ce
2026-05-15 12:17:42.802,HR-LT19,a.chen,1,outlook.exe,"outlook.exe",systemd,,,SHA256=001628c069ab6e9e001628c069ab6e9e001628c069ab6e9e001628c069ab6e9e
2026-05-15 12:26:26.741,HR-LT19,r.owens,1,chrome.exe,"chrome.exe",systemd,,,SHA256=0010f274b33b4b190010f274b33b4b190010f274b33b4b190010f274b33b4b19
2026-05-15 12:32:21.795,FIN-WS22,r.owens,1,node,"node",cmd.exe,,,SHA256=000ac959080e9d4b000ac959080e9d4b000ac959080e9d4b000ac959080e9d4b
2026-05-15 12:43:04.210,HR-LT19,a.chen,1,sshd,"sshd",launchd,,,SHA256=0009fc1cf634850d0009fc1cf634850d0009fc1cf634850d0009fc1cf634850d
2026-05-15 12:52:59.701,HR-LT19,m.sato,1,chrome.exe,"chrome.exe",launchd,,,SHA256=00233515af40a0f800233515af40a0f800233515af40a0f800233515af40a0f8
2026-05-15 13:02:31.028,FIN-WS22,r.owens,1,python3,"python3",systemd,,,SHA256=001c751ee63b6c06001c751ee63b6c06001c751ee63b6c06001c751ee63b6c06
2026-05-15 13:10:56.313,VDI-POOL-02,svc-build,1,powershell.exe,"powershell.exe",systemd,,,SHA256=0020604d1967e4380020604d1967e4380020604d1967e4380020604d1967e438
2026-05-15 13:16:37.963,FIN-WS22,svc-build,1,slack.exe,"slack.exe",systemd,,,SHA256=001d8448375ed7db001d8448375ed7db001d8448375ed7db001d8448375ed7db
2026-05-15 13:21:10.614,VDI-POOL-02,r.owens,1,git,"git",cmd.exe,,,SHA256=00025fea6fabec3600025fea6fabec3600025fea6fabec3600025fea6fabec36
2026-05-15 13:31:15.832,ENG-FS03,a.chen,1,sshd,"sshd",cmd.exe,,,SHA256=0003cc5427dbebdb0003cc5427dbebdb0003cc5427dbebdb0003cc5427dbebdb
2026-05-15 13:34:31.548,ENG-FS03,svc-export,1,chrome.exe,"chrome.exe",cmd.exe,,,SHA256=001723306eff7bc6001723306eff7bc6001723306eff7bc6001723306eff7bc6
2026-05-15 13:45:44.256,FIN-WS22,a.chen,1,sshd,"sshd",cmd.exe,,,SHA256=000bd05b3f4fce09000bd05b3f4fce09000bd05b3f4fce09000bd05b3f4fce09
2026-05-15 13:54:09.556,HR-LT19,j.patel,1,slack.exe,"slack.exe",explorer.exe,,,SHA256=0005480a85e395c50005480a85e395c50005480a85e395c50005480a85e395c5
2026-05-15 13:59:48.037,VDI-POOL-03,svc-export,1,sshd,"sshd",explorer.exe,,,SHA256=000c59f736263395000c59f736263395000c59f736263395000c59f736263395
2026-05-15 14:09:13.990,VDI-POOL-03,r.owens,1,slack.exe,"slack.exe",launchd,,,SHA256=001e40cdff8c1ab9001e40cdff8c1ab9001e40cdff8c1ab9001e40cdff8c1ab9
2026-05-15 14:15:07.829,VDI-POOL-02,m.sato,1,python3,"python3",launchd,,,SHA256=000aca5579dc9e9e000aca5579dc9e9e000aca5579dc9e9e000aca5579dc9e9e
2026-05-15 14:23:12.156,ENG-FS03,svc_ediscovery,1,git,"git",cmd.exe,,,SHA256=001bca2a2b43fda4001bca2a2b43fda4001bca2a2b43fda4001bca2a2b43fda4
2026-05-15 14:28:37.420,VDI-POOL-03,svc-build,1,outlook.exe,"outlook.exe",explorer.exe,,,SHA256=0021d7b8b5c569260021d7b8b5c569260021d7b8b5c569260021d7b8b5c56926
2026-05-15 14:31:46.341,FIN-WS22,svc-export,1,powershell.exe,"powershell.exe",systemd,,,SHA256=0008f11b29e44c290008f11b29e44c290008f11b29e44c290008f11b29e44c29
2026-05-15 14:40:15.539,FIN-WS22,svc_ediscovery,1,chrome.exe,"chrome.exe",cmd.exe,,,SHA256=000e89cd5ff5f953000e89cd5ff5f953000e89cd5ff5f953000e89cd5ff5f953
2026-05-15 14:46:15.827,ENG-FS03,svc-build,1,chrome.exe,"chrome.exe",cmd.exe,,,SHA256=00133782556785e500133782556785e500133782556785e500133782556785e5
2026-05-15 14:56:25.762,ENG-FS03,r.owens,1,sshd,"sshd",cmd.exe,,,SHA256=00236e6a4385baee00236e6a4385baee00236e6a4385baee00236e6a4385baee
2026-05-15 15:05:31.507,build-agent-03,j.patel,1,python3,"python3",cmd.exe,,,SHA256=000f913a7b6fff05000f913a7b6fff05000f913a7b6fff05000f913a7b6fff05
2026-05-15 15:08:13.676,FIN-WS22,r.owens,1,slack.exe,"slack.exe",explorer.exe,,,SHA256=0001532396ccba170001532396ccba170001532396ccba170001532396ccba17
2026-05-15 15:11:21.339,VDI-POOL-03,r.owens,1,powershell.exe,"powershell.exe",cmd.exe,,,SHA256=0015f1047e8c4a2e0015f1047e8c4a2e0015f1047e8c4a2e0015f1047e8c4a2e
2026-05-15 15:17:16.123,FIN-WS22,svc_ediscovery,1,chrome.exe,"chrome.exe",launchd,,,SHA256=0018608ad8fefb480018608ad8fefb480018608ad8fefb480018608ad8fefb48
2026-05-15 15:22:45.510,VDI-POOL-02,r.owens,1,chrome.exe,"chrome.exe",launchd,,,SHA256=000349c6345ae58d000349c6345ae58d000349c6345ae58d000349c6345ae58d
2026-05-15 15:27:12.941,VDI-POOL-03,m.sato,1,git,"git",explorer.exe,,,SHA256=0006b0e1d1e2ec8b0006b0e1d1e2ec8b0006b0e1d1e2ec8b0006b0e1d1e2ec8b
2026-05-15 15:38:10.805,build-agent-03,svc-export,1,python3,"python3",launchd,,,SHA256=000821ad7afda73b000821ad7afda73b000821ad7afda73b000821ad7afda73b
2026-05-15 15:48:17.268,build-agent-03,svc_ediscovery,1,outlook.exe,"outlook.exe",launchd,,,SHA256=00053a27a4e88bfe00053a27a4e88bfe00053a27a4e88bfe00053a27a4e88bfe
2026-05-15 15:51:14.293,HR-LT19,svc-build,1,python3,"python3",cmd.exe,,,SHA256=0001d838241da4d60001d838241da4d60001d838241da4d60001d838241da4d6
2026-05-15 16:01:36.077,build-agent-03,a.chen,1,node,"node",cmd.exe,,,SHA256=0018048949441f860018048949441f860018048949441f860018048949441f86
2026-05-15 16:05:17.072,VDI-POOL-02,m.sato,1,git,"git",systemd,,,SHA256=001d8e10c752925c001d8e10c752925c001d8e10c752925c001d8e10c752925c
2026-05-15 16:13:18.256,VDI-POOL-03,svc-build,1,node,"node",systemd,,,SHA256=001328cd85db99d1001328cd85db99d1001328cd85db99d1001328cd85db99d1
2026-05-15 16:22:29.444,VDI-POOL-03,r.owens,1,python3,"python3",launchd,,,SHA256=00067770930ad44800067770930ad44800067770930ad44800067770930ad448
2026-05-15 16:30:03.158,VDI-POOL-03,m.sato,1,outlook.exe,"outlook.exe",explorer.exe,,,SHA256=0016c66441ed08900016c66441ed08900016c66441ed08900016c66441ed0890
2026-05-15 16:37:59.514,VDI-POOL-02,svc_ediscovery,1,slack.exe,"slack.exe",cmd.exe,,,SHA256=0005751e042dc0f10005751e042dc0f10005751e042dc0f10005751e042dc0f1
2026-05-15 16:42:28.179,ENG-FS03,svc-export,1,sshd,"sshd",cmd.exe,,,SHA256=0010caea193ca7f40010caea193ca7f40010caea193ca7f40010caea193ca7f4
2026-05-15 16:47:57.818,FIN-WS22,m.sato,1,slack.exe,"slack.exe",cmd.exe,,,SHA256=00023ab975ebcd2100023ab975ebcd2100023ab975ebcd2100023ab975ebcd21
2026-05-15 16:56:49.535,VDI-POOL-03,j.patel,1,powershell.exe,"powershell.exe",explorer.exe,,,SHA256=000d6675c8e07768000d6675c8e07768000d6675c8e07768000d6675c8e07768
2026-05-15 17:03:21.238,VDI-POOL-02,svc-export,1,outlook.exe,"outlook.exe",systemd,,,SHA256=000128db19979ff4000128db19979ff4000128db19979ff4000128db19979ff4
2026-05-15 17:14:16.059,VDI-POOL-03,r.owens,1,outlook.exe,"outlook.exe",explorer.exe,,,SHA256=001a50ec0b196b90001a50ec0b196b90001a50ec0b196b90001a50ec0b196b90
2026-05-15 17:21:20.063,HR-LT19,svc-build,1,git,"git",explorer.exe,,,SHA256=0011466e9c6a49f20011466e9c6a49f20011466e9c6a49f20011466e9c6a49f2
2026-05-15 17:26:31.430,FIN-WS22,m.sato,1,outlook.exe,"outlook.exe",cmd.exe,,,SHA256=0010b2bde1e599800010b2bde1e599800010b2bde1e599800010b2bde1e59980
2026-05-15 17:33:22.687,FIN-WS22,svc-build,1,slack.exe,"slack.exe",systemd,,,SHA256=00029c8ec8d61b6d00029c8ec8d61b6d00029c8ec8d61b6d00029c8ec8d61b6d
2026-05-15 17:37:05.901,build-agent-03,r.owens,1,powershell.exe,"powershell.exe",launchd,,,SHA256=000cfa093b29f73f000cfa093b29f73f000cfa093b29f73f000cfa093b29f73f
2026-05-15 17:46:13.063,HR-LT19,svc_ediscovery,1,powershell.exe,"powershell.exe",explorer.exe,,,SHA256=001b438eab81d61f001b438eab81d61f001b438eab81d61f001b438eab81d61f
2026-05-15 17:52:34.200,FIN-WS22,a.chen,1,powershell.exe,"powershell.exe",explorer.exe,,,SHA256=0008d0b709718d7e0008d0b709718d7e0008d0b709718d7e0008d0b709718d7e
2026-05-15 17:56:46.659,VDI-POOL-02,r.owens,1,git,"git",cmd.exe,,,SHA256=00040823b71935fd00040823b71935fd00040823b71935fd00040823b71935fd
2026-05-15 18:03:41.907,FIN-WS22,r.owens,1,slack.exe,"slack.exe",launchd,,,SHA256=0021e2c422c636940021e2c422c636940021e2c422c636940021e2c422c63694
2026-05-15 18:11:31.276,build-agent-03,r.owens,1,outlook.exe,"outlook.exe",cmd.exe,,,SHA256=001eccbad1c20d60001eccbad1c20d60001eccbad1c20d60001eccbad1c20d60
2026-05-15 18:19:38.246,VDI-POOL-03,r.owens,1,python3,"python3",cmd.exe,,,SHA256=00136cc9388146bb00136cc9388146bb00136cc9388146bb00136cc9388146bb
2026-05-15 18:30:29.727,HR-LT19,m.sato,1,powershell.exe,"powershell.exe",launchd,,,SHA256=0011d45923b170570011d45923b170570011d45923b170570011d45923b17057
2026-05-15 18:41:38.837,ENG-FS03,svc-build,1,outlook.exe,"outlook.exe",systemd,,,SHA256=000d2132307cb98f000d2132307cb98f000d2132307cb98f000d2132307cb98f
2026-05-15 18:47:41.987,VDI-POOL-03,m.sato,1,chrome.exe,"chrome.exe",explorer.exe,,,SHA256=000b9d11b759ab44000b9d11b759ab44000b9d11b759ab44000b9d11b759ab44
2026-05-15 18:50:17.586,HR-LT19,svc-export,1,python3,"python3",explorer.exe,,,SHA256=001bda3a0cd9c0c6001bda3a0cd9c0c6001bda3a0cd9c0c6001bda3a0cd9c0c6
2026-05-15 18:57:15.065,HR-LT19,a.chen,1,slack.exe,"slack.exe",explorer.exe,,,SHA256=0006cfc149d000bf0006cfc149d000bf0006cfc149d000bf0006cfc149d000bf
2026-05-15 19:05:12.535,VDI-POOL-03,r.owens,1,node,"node",explorer.exe,,,SHA256=00195cb00323d02b00195cb00323d02b00195cb00323d02b00195cb00323d02b
2026-05-15 19:09:09.459,HR-LT19,svc-export,1,slack.exe,"slack.exe",launchd,,,SHA256=0000aa9448706aab0000aa9448706aab0000aa9448706aab0000aa9448706aab
2026-05-15 19:14:06.076,VDI-POOL-02,j.patel,1,chrome.exe,"chrome.exe",launchd,,,SHA256=000c6912733882df000c6912733882df000c6912733882df000c6912733882df
2026-05-15 19:25:21.683,FIN-WS22,j.patel,1,git,"git",launchd,,,SHA256=0016e420ebd8da930016e420ebd8da930016e420ebd8da930016e420ebd8da93
2026-05-15 19:29:45.607,build-agent-03,j.patel,1,sshd,"sshd",launchd,,,SHA256=0016109a6bc6f5d30016109a6bc6f5d30016109a6bc6f5d30016109a6bc6f5d3
2026-05-15 19:40:02.998,ENG-FS03,m.sato,1,powershell.exe,"powershell.exe",launchd,,,SHA256=00190265bb49b54a00190265bb49b54a00190265bb49b54a00190265bb49b54a
2026-05-15 19:46:26.295,FIN-WS22,svc-export,1,powershell.exe,"powershell.exe",systemd,,,SHA256=000ad6301470737e000ad6301470737e000ad6301470737e000ad6301470737e
2026-05-15 19:57:05.066,VDI-POOL-02,svc-build,1,node,"node",cmd.exe,,,SHA256=001363fb7bf785c1001363fb7bf785c1001363fb7bf785c1001363fb7bf785c1
2026-05-15 20:06:03.256,ENG-FS03,svc-build,1,sshd,"sshd",explorer.exe,,,SHA256=001ec382df4d8ce6001ec382df4d8ce6001ec382df4d8ce6001ec382df4d8ce6
2026-05-15 20:08:43.919,VDI-POOL-02,svc-build,1,node,"node",cmd.exe,,,SHA256=000e74cbb1b22329000e74cbb1b22329000e74cbb1b22329000e74cbb1b22329
2026-05-15 20:15:16.082,VDI-POOL-03,a.chen,1,outlook.exe,"outlook.exe",explorer.exe,,,SHA256=000e32c656adfbcc000e32c656adfbcc000e32c656adfbcc000e32c656adfbcc
2026-05-15 20:24:44.217,build-agent-03,a.chen,1,node,"node",explorer.exe,,,SHA256=000bf44a2d49c64b000bf44a2d49c64b000bf44a2d49c64b000bf44a2d49c64b
2026-05-15 20:31:34.270,ENG-FS03,j.patel,1,slack.exe,"slack.exe",systemd,,,SHA256=000a13174d83ea38000a13174d83ea38000a13174d83ea38000a13174d83ea38
2026-05-15 20:39:06.420,build-agent-03,svc-build,1,chrome.exe,"chrome.exe",launchd,,,SHA256=00155666d341ca2600155666d341ca2600155666d341ca2600155666d341ca26
2026-05-15 20:47:07.729,ENG-FS03,svc_ediscovery,1,node,"node",explorer.exe,,,SHA256=000e01d4e0ab7b27000e01d4e0ab7b27000e01d4e0ab7b27000e01d4e0ab7b27
2026-05-15 20:56:50.115,FIN-WS22,svc-export,1,powershell.exe,"powershell.exe",explorer.exe,,,SHA256=0013a336f19013c90013a336f19013c90013a336f19013c90013a336f19013c9
2026-05-15 21:02:12.175,ENG-FS03,r.owens,1,sshd,"sshd",explorer.exe,,,SHA256=000011c93918b091000011c93918b091000011c93918b091000011c93918b091
2026-05-15 21:05:07.364,build-agent-03,m.sato,1,chrome.exe,"chrome.exe",cmd.exe,,,SHA256=000744c0b59e5d71000744c0b59e5d71000744c0b59e5d71000744c0b59e5d71
2026-05-15 21:14:34.837,FIN-WS22,svc-build,1,git,"git",systemd,,,SHA256=0018e8d770110aa10018e8d770110aa10018e8d770110aa10018e8d770110aa1
2026-05-15 21:17:30.569,HR-LT19,svc-build,1,node,"node",explorer.exe,,,SHA256=0022dc7c71aae0e40022dc7c71aae0e40022dc7c71aae0e40022dc7c71aae0e4
2026-05-15 21:23:31.536,build-agent-03,j.patel,1,outlook.exe,"outlook.exe",systemd,,,SHA256=00230dff843f7c2e00230dff843f7c2e00230dff843f7c2e00230dff843f7c2e
2026-05-15 21:27:39.963,HR-LT19,svc_ediscovery,1,slack.exe,"slack.exe",systemd,,,SHA256=000e0df71d141d0f000e0df71d141d0f000e0df71d141d0f000e0df71d141d0f
2026-05-15 21:33:21.814,VDI-POOL-03,svc-export,1,chrome.exe,"chrome.exe",cmd.exe,,,SHA256=000be5ca237d907f000be5ca237d907f000be5ca237d907f000be5ca237d907f
2026-05-15 21:43:26.482,ENG-FS03,svc-export,1,outlook.exe,"outlook.exe",systemd,,,SHA256=00163b6b00e4b2de00163b6b00e4b2de00163b6b00e4b2de00163b6b00e4b2de
2026-05-15 21:53:54.414,ENG-FS03,r.owens,1,python3,"python3",explorer.exe,,,SHA256=001fec81907ede3f001fec81907ede3f001fec81907ede3f001fec81907ede3f
2026-05-15 22:02:06.371,ENG-FS03,r.owens,1,sshd,"sshd",systemd,,,SHA256=00083093da71955a00083093da71955a00083093da71955a00083093da71955a
2026-05-15 22:06:31.046,HR-LT19,r.owens,1,node,"node",launchd,,,SHA256=00064215b64123bc00064215b64123bc00064215b64123bc00064215b64123bc
2026-05-15 22:13:34.527,ENG-FS03,a.chen,1,node,"node",launchd,,,SHA256=001148776a8b0908001148776a8b0908001148776a8b0908001148776a8b0908
2026-05-15 22:20:41.989,build-agent-03,j.patel,1,sshd,"sshd",systemd,,,SHA256=00095b940f33a86600095b940f33a86600095b940f33a86600095b940f33a866
2026-05-15 22:24:44.188,build-agent-03,j.patel,1,python3,"python3",systemd,,,SHA256=0002e9aab1f72e7e0002e9aab1f72e7e0002e9aab1f72e7e0002e9aab1f72e7e
2026-05-15 22:29:42.714,HR-LT19,j.patel,1,outlook.exe,"outlook.exe",systemd,,,SHA256=001375f8e07dbf86001375f8e07dbf86001375f8e07dbf86001375f8e07dbf86
2026-05-15 22:35:51.219,VDI-POOL-03,svc_ediscovery,1,node,"node",explorer.exe,,,SHA256=000563cdac0d1448000563cdac0d1448000563cdac0d1448000563cdac0d1448
2026-05-15 22:45:46.326,build-agent-03,svc-build,1,outlook.exe,"outlook.exe",cmd.exe,,,SHA256=0021e8ae16f8883c0021e8ae16f8883c0021e8ae16f8883c0021e8ae16f8883c
2026-05-15 22:49:21.856,HR-LT19,r.owens,1,chrome.exe,"chrome.exe",explorer.exe,,,SHA256=001f7de00e4e8bfc001f7de00e4e8bfc001f7de00e4e8bfc001f7de00e4e8bfc
2026-05-15 22:52:02.265,HR-LT19,j.patel,1,chrome.exe,"chrome.exe",systemd,,,SHA256=0003ad0fe9f546bd0003ad0fe9f546bd0003ad0fe9f546bd0003ad0fe9f546bd
2026-05-15 22:57:13.400,VDI-POOL-02,svc-export,1,outlook.exe,"outlook.exe",explorer.exe,,,SHA256=00073044d8ac3e9a00073044d8ac3e9a00073044d8ac3e9a00073044d8ac3e9a
2026-05-15 23:02:37.307,HR-LT19,r.owens,1,sshd,"sshd",explorer.exe,,,SHA256=002314903cf5f2cc002314903cf5f2cc002314903cf5f2cc002314903cf5f2cc
2026-05-15 23:06:17.981,ENG-FS03,svc_ediscovery,1,node,"node",cmd.exe,,,SHA256=0007444aef4abc280007444aef4abc280007444aef4abc280007444aef4abc28
2026-05-15 23:15:30.554,VDI-POOL-02,j.patel,1,python3,"python3",explorer.exe,,,SHA256=000107c42e88d778000107c42e88d778000107c42e88d778000107c42e88d778
2026-05-15 23:18:10.132,HR-LT19,r.owens,1,chrome.exe,"chrome.exe",systemd,,,SHA256=000f393bc934828d000f393bc934828d000f393bc934828d000f393bc934828d
2026-05-15 23:24:19.717,ENG-FS03,r.owens,1,git,"git",cmd.exe,,,SHA256=00164df23e69601800164df23e69601800164df23e69601800164df23e696018
2026-05-15 23:28:59.543,VDI-POOL-02,m.sato,1,slack.exe,"slack.exe",explorer.exe,,,SHA256=00035b66a0c037ac00035b66a0c037ac00035b66a0c037ac00035b66a0c037ac
2026-05-15 23:37:31.620,ENG-FS03,r.owens,1,node,"node",launchd,,,SHA256=0013bf53e79c6e820013bf53e79c6e820013bf53e79c6e820013bf53e79c6e82
2026-05-15 23:44:00.985,build-agent-03,j.patel,1,slack.exe,"slack.exe",systemd,,,SHA256=001e83ffa60392c4001e83ffa60392c4001e83ffa60392c4001e83ffa60392c4
2026-05-15 23:47:35.480,FIN-WS22,svc-build,1,git,"git",explorer.exe,,,SHA256=001ccec8ef10d691001ccec8ef10d691001ccec8ef10d691001ccec8ef10d691
2026-05-15 23:52:34.022,HR-LT19,j.patel,1,git,"git",explorer.exe,,,SHA256=001c5374dfdab105001c5374dfdab105001c5374dfdab105001c5374dfdab105
2026-05-16 00:02:33.140,HR-LT19,svc-build,1,powershell.exe,"powershell.exe",explorer.exe,,,SHA256=001bf8dd07a9dad8001bf8dd07a9dad8001bf8dd07a9dad8001bf8dd07a9dad8
2026-05-16 00:12:15.749,build-agent-03,r.owens,1,git,"git",systemd,,,SHA256=00156a001c99d17500156a001c99d17500156a001c99d17500156a001c99d175
2026-05-16 00:21:06.064,FIN-WS22,m.sato,1,outlook.exe,"outlook.exe",explorer.exe,,,SHA256=001f0cc57ac1c6a1001f0cc57ac1c6a1001f0cc57ac1c6a1001f0cc57ac1c6a1
2026-05-16 00:28:30.431,VDI-POOL-03,svc_ediscovery,1,slack.exe,"slack.exe",cmd.exe,,,SHA256=000859412a04b403000859412a04b403000859412a04b403000859412a04b403
2026-05-16 00:38:14.523,VDI-POOL-03,svc-build,1,chrome.exe,"chrome.exe",cmd.exe,,,SHA256=001dc078b842012b001dc078b842012b001dc078b842012b001dc078b842012b
2026-05-16 00:43:10.532,HR-LT19,svc-export,1,sshd,"sshd",cmd.exe,,,SHA256=0011e57fdf3b17eb0011e57fdf3b17eb0011e57fdf3b17eb0011e57fdf3b17eb
2026-05-16 00:54:30.026,VDI-POOL-02,j.patel,1,sshd,"sshd",systemd,,,SHA256=00155fca28f0362300155fca28f0362300155fca28f0362300155fca28f03623
2026-05-16 01:04:44.248,HR-LT19,svc_ediscovery,1,outlook.exe,"outlook.exe",systemd,,,SHA256=000b6837a522154c000b6837a522154c000b6837a522154c000b6837a522154c
2026-05-16 01:09:17.672,build-agent-03,r.owens,1,chrome.exe,"chrome.exe",cmd.exe,,,SHA256=000a02b8dbf66f62000a02b8dbf66f62000a02b8dbf66f62000a02b8dbf66f62
2026-05-16 01:19:55.286,build-agent-03,r.owens,1,slack.exe,"slack.exe",launchd,,,SHA256=0015923b80d64e060015923b80d64e060015923b80d64e060015923b80d64e06
2026-05-16 01:27:10.732,HR-LT19,svc_ediscovery,1,git,"git",explorer.exe,,,SHA256=0014b4a603a03be80014b4a603a03be80014b4a603a03be80014b4a603a03be8
2026-05-16 01:37:21.264,HR-LT19,m.sato,1,node,"node",explorer.exe,,,SHA256=0002f8dee60931d70002f8dee60931d70002f8dee60931d70002f8dee60931d7
2026-05-16 01:41:15.393,build-agent-03,a.chen,1,git,"git",explorer.exe,,,SHA256=0020bc1b123340160020bc1b123340160020bc1b123340160020bc1b12334016
2026-05-16 01:51:27.717,FIN-WS22,m.sato,1,sshd,"sshd",cmd.exe,,,SHA256=000f999a2b3bd1b8000f999a2b3bd1b8000f999a2b3bd1b8000f999a2b3bd1b8
2026-05-16 02:00:09.212,VDI-POOL-02,r.owens,1,outlook.exe,"outlook.exe",launchd,,,SHA256=001f4c1761c1cb32001f4c1761c1cb32001f4c1761c1cb32001f4c1761c1cb32
2026-05-16 02:08:15.325,VDI-POOL-03,j.patel,1,sshd,"sshd",cmd.exe,,,SHA256=001559617f13fe73001559617f13fe73001559617f13fe73001559617f13fe73
2026-05-16 02:12:32.465,VDI-POOL-02,svc-build,1,node,"node",launchd,,,SHA256=001e8421903c4e17001e8421903c4e17001e8421903c4e17001e8421903c4e17
2026-05-16 02:23:28.617,VDI-POOL-02,j.patel,1,sshd,"sshd",launchd,,,SHA256=00037c835020ae8700037c835020ae8700037c835020ae8700037c835020ae87
2026-05-16 02:29:17.192,build-agent-03,r.owens,1,git,"git",systemd,,,SHA256=000093fa3478cf39000093fa3478cf39000093fa3478cf39000093fa3478cf39
2026-05-16 02:37:54.996,HR-LT19,r.owens,1,chrome.exe,"chrome.exe",cmd.exe,,,SHA256=001a9e442bf3e740001a9e442bf3e740001a9e442bf3e740001a9e442bf3e740
2026-05-16 02:44:54.369,FIN-WS22,a.chen,1,node,"node",systemd,,,SHA256=001f85f4fa22b7e4001f85f4fa22b7e4001f85f4fa22b7e4001f85f4fa22b7e4
2026-05-16 02:51:33.602,VDI-POOL-03,j.patel,1,outlook.exe,"outlook.exe",cmd.exe,,,SHA256=0005acf4756ca5100005acf4756ca5100005acf4756ca5100005acf4756ca510
2026-05-16 03:00:05.268,VDI-POOL-03,r.owens,1,python3,"python3",systemd,,,SHA256=00094450b5d796ab00094450b5d796ab00094450b5d796ab00094450b5d796ab
2026-05-16 03:04:34.116,build-agent-03,svc-export,1,python3,"python3",explorer.exe,,,SHA256=001b216206997f32001b216206997f32001b216206997f32001b216206997f32
2026-05-16 03:11:38.668,FIN-WS22,m.sato,1,powershell.exe,"powershell.exe",cmd.exe,,,SHA256=0006c6c7315bb3340006c6c7315bb3340006c6c7315bb3340006c6c7315bb334
2026-05-16 03:17:56.245,ENG-FS03,a.chen,1,git,"git",systemd,,,SHA256=000df7571cd30281000df7571cd30281000df7571cd30281000df7571cd30281
2026-05-16 03:23:21.244,VDI-POOL-02,svc_ediscovery,1,slack.exe,"slack.exe",launchd,,,SHA256=0008bc282db88f270008bc282db88f270008bc282db88f270008bc282db88f27
2026-05-16 03:32:01.268,FIN-WS22,svc_ediscovery,1,python3,"python3",explorer.exe,,,SHA256=0015b4df1862ff940015b4df1862ff940015b4df1862ff940015b4df1862ff94
2026-05-16 03:39:44.043,ENG-FS03,r.owens,1,node,"node",systemd,,,SHA256=000cbdf5644bb071000cbdf5644bb071000cbdf5644bb071000cbdf5644bb071
2026-05-16 03:50:57.623,ENG-FS03,svc-build,1,outlook.exe,"outlook.exe",cmd.exe,,,SHA256=000a506e15f9481c000a506e15f9481c000a506e15f9481c000a506e15f9481c
2026-05-16 04:01:53.618,FIN-WS22,r.owens,1,node,"node",systemd,,,SHA256=001f52f9265150c0001f52f9265150c0001f52f9265150c0001f52f9265150c0
2026-05-16 04:10:23.154,VDI-POOL-03,r.owens,1,node,"node",explorer.exe,,,SHA256=00063ab255d8978000063ab255d8978000063ab255d8978000063ab255d89780
2026-05-16 04:16:11.988,ENG-FS03,m.sato,1,slack.exe,"slack.exe",systemd,,,SHA256=001948cff2f4ce3a001948cff2f4ce3a001948cff2f4ce3a001948cff2f4ce3a
2026-05-16 04:20:37.270,HR-LT19,a.chen,1,sshd,"sshd",systemd,,,SHA256=000e80e7cb6aa2b8000e80e7cb6aa2b8000e80e7cb6aa2b8000e80e7cb6aa2b8
2026-05-16 04:23:35.234,VDI-POOL-03,a.chen,1,python3,"python3",explorer.exe,,,SHA256=0014f7c89666f97e0014f7c89666f97e0014f7c89666f97e0014f7c89666f97e
2026-05-16 04:26:56.870,build-agent-03,svc-build,1,node,"node",launchd,,,SHA256=000919d495358b69000919d495358b69000919d495358b69000919d495358b69
2026-05-16 04:29:56.162,VDI-POOL-02,svc-build,1,git,"git",explorer.exe,,,SHA256=0021692f24d89cde0021692f24d89cde0021692f24d89cde0021692f24d89cde
2026-05-16 04:35:20.536,FIN-WS22,a.chen,1,node,"node",launchd,,,SHA256=001292cbcb543241001292cbcb543241001292cbcb543241001292cbcb543241
2026-05-16 04:38:02.084,VDI-POOL-03,r.owens,1,python3,"python3",cmd.exe,,,SHA256=001e2fed2bf8d8dd001e2fed2bf8d8dd001e2fed2bf8d8dd001e2fed2bf8d8dd
2026-05-16 04:47:26.102,ENG-FS03,r.owens,1,powershell.exe,"powershell.exe",launchd,,,SHA256=000d754ac0ba2493000d754ac0ba2493000d754ac0ba2493000d754ac0ba2493
2026-05-16 04:53:14.397,ENG-FS03,svc-export,1,outlook.exe,"outlook.exe",cmd.exe,,,SHA256=00020269e2c231e600020269e2c231e600020269e2c231e600020269e2c231e6
2026-05-16 05:04:17.353,HR-LT19,j.patel,1,node,"node",cmd.exe,,,SHA256=00152a722a90213500152a722a90213500152a722a90213500152a722a902135
2026-05-16 05:13:02.270,VDI-POOL-02,r.owens,1,node,"node",cmd.exe,,,SHA256=0001dca31ccb6b4d0001dca31ccb6b4d0001dca31ccb6b4d0001dca31ccb6b4d
2026-05-16 05:16:56.211,VDI-POOL-03,a.chen,1,sshd,"sshd",cmd.exe,,,SHA256=000ed5ac530d7098000ed5ac530d7098000ed5ac530d7098000ed5ac530d7098
2026-05-16 05:23:18.359,VDI-POOL-03,svc-build,1,node,"node",systemd,,,SHA256=0017533462418b8a0017533462418b8a0017533462418b8a0017533462418b8a
2026-05-16 05:34:27.403,ENG-FS03,m.sato,1,slack.exe,"slack.exe",launchd,,,SHA256=0013af3b02fb8c280013af3b02fb8c280013af3b02fb8c280013af3b02fb8c28
2026-05-16 05:45:10.117,VDI-POOL-02,r.owens,1,python3,"python3",cmd.exe,,,SHA256=0017f51b66aca5b30017f51b66aca5b30017f51b66aca5b30017f51b66aca5b3
2026-05-16 05:52:43.234,FIN-WS22,j.patel,1,git,"git",cmd.exe,,,SHA256=00011b777f28d0e300011b777f28d0e300011b777f28d0e300011b777f28d0e3
2026-05-16 05:58:55.866,VDI-POOL-02,r.owens,1,slack.exe,"slack.exe",cmd.exe,,,SHA256=0011af5ae74644390011af5ae74644390011af5ae74644390011af5ae7464439
2026-05-16 06:05:46.696,HR-LT19,svc-build,1,git,"git",systemd,,,SHA256=001f51eaec99393f001f51eaec99393f001f51eaec99393f001f51eaec99393f
2026-05-16 06:15:40.447,ENG-FS03,svc_ediscovery,1,sshd,"sshd",systemd,,,SHA256=001aeb8fd69490e5001aeb8fd69490e5001aeb8fd69490e5001aeb8fd69490e5
2026-05-16 06:23:11.791,build-agent-03,a.chen,1,chrome.exe,"chrome.exe",systemd,,,SHA256=00205cef32925a3800205cef32925a3800205cef32925a3800205cef32925a38
2026-05-16 06:34:40.867,ENG-FS03,svc_ediscovery,1,sshd,"sshd",explorer.exe,,,SHA256=000dc2cf44b69613000dc2cf44b69613000dc2cf44b69613000dc2cf44b69613
2026-05-16 06:39:30.553,VDI-POOL-02,j.patel,1,git,"git",cmd.exe,,,SHA256=0000d4e2b27d1fb50000d4e2b27d1fb50000d4e2b27d1fb50000d4e2b27d1fb5
2026-05-16 06:50:58.007,VDI-POOL-03,r.owens,1,python3,"python3",launchd,,,SHA256=001914b75f013530001914b75f013530001914b75f013530001914b75f013530
2026-05-16 07:00:16.892,ENG-FS03,a.chen,1,powershell.exe,"powershell.exe",explorer.exe,,,SHA256=001de318249b0428001de318249b0428001de318249b0428001de318249b0428
2026-05-16 07:08:46.069,build-agent-03,svc-export,1,sshd,"sshd",systemd,,,SHA256=000d9b84e2e6ae70000d9b84e2e6ae70000d9b84e2e6ae70000d9b84e2e6ae70
2026-05-16 07:14:07.996,HR-LT19,svc-export,1,slack.exe,"slack.exe",launchd,,,SHA256=0015698f808cbf5c0015698f808cbf5c0015698f808cbf5c0015698f808cbf5c
2026-05-16 07:19:57.056,VDI-POOL-02,r.owens,1,powershell.exe,"powershell.exe",systemd,,,SHA256=000de3edd3b4d5d3000de3edd3b4d5d3000de3edd3b4d5d3000de3edd3b4d5d3
2026-05-16 07:30:24.662,build-agent-03,m.sato,1,node,"node",explorer.exe,,,SHA256=001457b81d75a89e001457b81d75a89e001457b81d75a89e001457b81d75a89e
2026-05-16 07:39:53.232,build-agent-03,r.owens,1,git,"git",systemd,,,SHA256=000ae94248005159000ae94248005159000ae94248005159000ae94248005159
2026-05-16 07:51:02.547,FIN-WS22,m.sato,1,python3,"python3",cmd.exe,,,SHA256=000ffc590ffc4813000ffc590ffc4813000ffc590ffc4813000ffc590ffc4813
2026-05-16 08:02:26.104,HR-LT19,svc-build,1,python3,"python3",systemd,,,SHA256=00145d5127647c8300145d5127647c8300145d5127647c8300145d5127647c83
2026-05-16 08:06:26.959,VDI-POOL-02,svc-build,1,git,"git",explorer.exe,,,SHA256=0012048f6acfd3560012048f6acfd3560012048f6acfd3560012048f6acfd356
2026-05-16 08:13:16.109,FIN-WS22,svc-build,1,chrome.exe,"chrome.exe",explorer.exe,,,SHA256=0014579e6356cd0c0014579e6356cd0c0014579e6356cd0c0014579e6356cd0c
2026-05-16 08:16:14.425,ENG-FS03,svc-build,1,powershell.exe,"powershell.exe",explorer.exe,,,SHA256=000fcd5bcaa89153000fcd5bcaa89153000fcd5bcaa89153000fcd5bcaa89153
2026-05-16 08:23:52.812,ENG-FS03,j.patel,1,sshd,"sshd",explorer.exe,,,SHA256=00168640ad4ed4e800168640ad4ed4e800168640ad4ed4e800168640ad4ed4e8
2026-05-16 08:26:44.907,VDI-POOL-03,j.patel,1,powershell.exe,"powershell.exe",cmd.exe,,,SHA256=0006fe1c2eb961620006fe1c2eb961620006fe1c2eb961620006fe1c2eb96162
2026-05-16 08:33:11.046,FIN-WS22,m.sato,1,git,"git",explorer.exe,,,SHA256=000b6d524c643d7b000b6d524c643d7b000b6d524c643d7b000b6d524c643d7b
2026-05-16 08:41:19.158,VDI-POOL-02,svc-export,1,chrome.exe,"chrome.exe",launchd,,,SHA256=00060c783c70e1a600060c783c70e1a600060c783c70e1a600060c783c70e1a6
2026-05-16 08:51:44.042,HR-LT19,m.sato,1,sshd,"sshd",systemd,,,SHA256=00160bd1dcc3581c00160bd1dcc3581c00160bd1dcc3581c00160bd1dcc3581c
2026-05-16 08:55:36.331,build-agent-03,m.sato,1,python3,"python3",systemd,,,SHA256=001739e788daf0a7001739e788daf0a7001739e788daf0a7001739e788daf0a7
2026-05-16 09:01:10.239,VDI-POOL-02,svc-build,1,chrome.exe,"chrome.exe",cmd.exe,,,SHA256=001f2872f3781fcb001f2872f3781fcb001f2872f3781fcb001f2872f3781fcb
2026-05-16 09:10:57.594,FIN-WS22,a.chen,1,python3,"python3",explorer.exe,,,SHA256=000d7cb61de3862c000d7cb61de3862c000d7cb61de3862c000d7cb61de3862c
2026-05-16 09:21:36.069,FIN-WS22,svc_ediscovery,1,slack.exe,"slack.exe",explorer.exe,,,SHA256=00156e998852c83100156e998852c83100156e998852c83100156e998852c831
2026-05-16 09:30:22.101,build-agent-03,j.patel,1,sshd,"sshd",cmd.exe,,,SHA256=0010d1d6ac321f5c0010d1d6ac321f5c0010d1d6ac321f5c0010d1d6ac321f5c
2026-05-16 09:35:12.651,build-agent-03,m.sato,1,slack.exe,"slack.exe",cmd.exe,,,SHA256=0011f650a78935d70011f650a78935d70011f650a78935d70011f650a78935d7
2026-05-16 09:38:12.329,FIN-WS22,m.sato,1,git,"git",cmd.exe,,,SHA256=0009cb9dbb313a160009cb9dbb313a160009cb9dbb313a160009cb9dbb313a16
2026-05-16 09:48:29.950,VDI-POOL-03,j.patel,1,outlook.exe,"outlook.exe",explorer.exe,,,SHA256=000c48a0d7ebfba9000c48a0d7ebfba9000c48a0d7ebfba9000c48a0d7ebfba9
2026-05-16 09:51:26.383,build-agent-03,a.chen,1,python3,"python3",systemd,,,SHA256=001b5cb46da29b90001b5cb46da29b90001b5cb46da29b90001b5cb46da29b90
2026-05-16 10:01:07.577,VDI-POOL-02,j.patel,1,python3,"python3",launchd,,,SHA256=001191ed2c3eb9ac001191ed2c3eb9ac001191ed2c3eb9ac001191ed2c3eb9ac
2026-05-16 10:09:45.525,VDI-POOL-02,r.owens,1,slack.exe,"slack.exe",cmd.exe,,,SHA256=001568f284b25e2d001568f284b25e2d001568f284b25e2d001568f284b25e2d
2026-05-16 10:12:27.040,ENG-FS03,svc_ediscovery,1,git,"git",cmd.exe,,,SHA256=000a347875a5f8fd000a347875a5f8fd000a347875a5f8fd000a347875a5f8fd
2026-05-16 10:21:25.786,FIN-WS22,a.chen,1,chrome.exe,"chrome.exe",launchd,,,SHA256=0020dee76fca02a20020dee76fca02a20020dee76fca02a20020dee76fca02a2
2026-05-16 10:24:25.869,ENG-FS03,j.patel,1,git,"git",cmd.exe,,,SHA256=00133032c59ae10d00133032c59ae10d00133032c59ae10d00133032c59ae10d
2026-05-16 10:33:33.149,VDI-POOL-02,svc-export,1,outlook.exe,"outlook.exe",launchd,,,SHA256=00138b718bf2004b00138b718bf2004b00138b718bf2004b00138b718bf2004b
2026-05-16 10:38:39.675,ENG-FS03,svc-export,1,slack.exe,"slack.exe",systemd,,,SHA256=001dc0929df4621a001dc0929df4621a001dc0929df4621a001dc0929df4621a
2026-05-16 10:46:42.433,build-agent-03,m.sato,1,slack.exe,"slack.exe",launchd,,,SHA256=00053b89786590c800053b89786590c800053b89786590c800053b89786590c8
2026-05-16 10:52:53.821,ENG-FS03,m.sato,1,slack.exe,"slack.exe",explorer.exe,,,SHA256=000ff005a517b0ee000ff005a517b0ee000ff005a517b0ee000ff005a517b0ee
2026-05-16 10:56:50.611,HR-LT19,svc-build,1,node,"node",launchd,,,SHA256=0010b5f12a4ab2de0010b5f12a4ab2de0010b5f12a4ab2de0010b5f12a4ab2de
2026-05-16 11:05:32.008,VDI-POOL-03,svc-build,1,powershell.exe,"powershell.exe",cmd.exe,,,SHA256=0022f5d683072fde0022f5d683072fde0022f5d683072fde0022f5d683072fde
2026-05-16 11:13:35.927,VDI-POOL-02,a.chen,1,git,"git",cmd.exe,,,SHA256=001e0a163045a08b001e0a163045a08b001e0a163045a08b001e0a163045a08b
2026-05-16 11:17:04.708,ENG-FS03,j.patel,1,sshd,"sshd",systemd,,,SHA256=0005569c3a2e20fb0005569c3a2e20fb0005569c3a2e20fb0005569c3a2e20fb
2026-05-16 11:22:04.813,build-agent-03,svc-build,1,python3,"python3",explorer.exe,,,SHA256=000e7769738b3469000e7769738b3469000e7769738b3469000e7769738b3469
2026-05-16 11:29:45.998,FIN-WS22,r.owens,1,git,"git",systemd,,,SHA256=00078d36c259bd9c00078d36c259bd9c00078d36c259bd9c00078d36c259bd9c
2026-05-16 11:36:29.220,HR-LT19,r.owens,1,git,"git",explorer.exe,,,SHA256=001cf661a101fa48001cf661a101fa48001cf661a101fa48001cf661a101fa48
2026-05-16 11:45:02.977,ENG-FS03,svc_ediscovery,1,python3,"python3",launchd,,,SHA256=0000e60345c98f100000e60345c98f100000e60345c98f100000e60345c98f10
2026-05-16 11:52:47.598,build-agent-03,a.chen,1,sshd,"sshd",launchd,,,SHA256=000f8f941328e705000f8f941328e705000f8f941328e705000f8f941328e705
2026-05-16 12:01:47.560,ENG-FS03,r.owens,1,outlook.exe,"outlook.exe",launchd,,,SHA256=001a3f739d2e249f001a3f739d2e249f001a3f739d2e249f001a3f739d2e249f
2026-05-16 12:13:03.400,VDI-POOL-02,svc_ediscovery,1,git,"git",cmd.exe,,,SHA256=00085f75ca08f3ae00085f75ca08f3ae00085f75ca08f3ae00085f75ca08f3ae
2026-05-16 12:16:36.098,FIN-WS22,m.sato,1,node,"node",systemd,,,SHA256=001346db40e682c1001346db40e682c1001346db40e682c1001346db40e682c1
2026-05-16 12:26:45.606,HR-LT19,r.owens,1,outlook.exe,"outlook.exe",launchd,,,SHA256=001d6a3eb47e17db001d6a3eb47e17db001d6a3eb47e17db001d6a3eb47e17db
2026-05-16 12:30:47.862,build-agent-03,svc_ediscovery,1,python3,"python3",explorer.exe,,,SHA256=0001e990966ae7a00001e990966ae7a00001e990966ae7a00001e990966ae7a0
2026-05-16 12:37:56.370,build-agent-03,a.chen,1,powershell.exe,"powershell.exe",explorer.exe,,,SHA256=0011158f42b25f450011158f42b25f450011158f42b25f450011158f42b25f45
2026-05-16 12:49:09.073,HR-LT19,svc-export,1,outlook.exe,"outlook.exe",explorer.exe,,,SHA256=00077e5ca69bc0d100077e5ca69bc0d100077e5ca69bc0d100077e5ca69bc0d1
2026-05-16 12:56:41.544,FIN-WS22,svc_ediscovery,1,outlook.exe,"outlook.exe",explorer.exe,,,SHA256=00236a5d865316aa00236a5d865316aa00236a5d865316aa00236a5d865316aa
2026-05-16 13:07:34.793,build-agent-03,svc-export,1,chrome.exe,"chrome.exe",systemd,,,SHA256=001bc18f3f35ee51001bc18f3f35ee51001bc18f3f35ee51001bc18f3f35ee51
2026-05-16 13:18:00.446,VDI-POOL-03,svc-build,1,git,"git",systemd,,,SHA256=001a60e787dc4be3001a60e787dc4be3001a60e787dc4be3001a60e787dc4be3
2026-05-16 13:21:36.595,VDI-POOL-02,m.sato,1,slack.exe,"slack.exe",launchd,,,SHA256=001def290f56aebd001def290f56aebd001def290f56aebd001def290f56aebd
2026-05-16 13:29:41.854,ENG-FS03,r.owens,1,slack.exe,"slack.exe",systemd,,,SHA256=000a99b528f51d44000a99b528f51d44000a99b528f51d44000a99b528f51d44
2026-05-16 13:36:29.575,FIN-WS22,svc_ediscovery,1,sshd,"sshd",launchd,,,SHA256=001e1a650b67d0d5001e1a650b67d0d5001e1a650b67d0d5001e1a650b67d0d5
2026-05-16 13:42:33.857,ENG-FS03,j.patel,1,outlook.exe,"outlook.exe",explorer.exe,,,SHA256=001088e073199436001088e073199436001088e073199436001088e073199436
2026-05-16 13:49:27.875,FIN-WS22,a.chen,1,powershell.exe,"powershell.exe",cmd.exe,,,SHA256=000499f862370631000499f862370631000499f862370631000499f862370631
2026-05-16 13:55:45.792,VDI-POOL-03,r.owens,1,powershell.exe,"powershell.exe",explorer.exe,,,SHA256=0015bd1c06db07130015bd1c06db07130015bd1c06db07130015bd1c06db0713
2026-05-16 13:58:43.538,FIN-WS22,a.chen,1,chrome.exe,"chrome.exe",explorer.exe,,,SHA256=0022383654bc73440022383654bc73440022383654bc73440022383654bc7344
2026-05-16 14:04:41.147,VDI-POOL-03,a.chen,1,powershell.exe,"powershell.exe",explorer.exe,,,SHA256=00152aefcd2b3e4000152aefcd2b3e4000152aefcd2b3e4000152aefcd2b3e40
2026-05-16 14:11:19.109,HR-LT19,r.owens,1,outlook.exe,"outlook.exe",systemd,,,SHA256=0012e798c566d88f0012e798c566d88f0012e798c566d88f0012e798c566d88f
2026-05-16 14:15:30.908,ENG-FS03,r.owens,1,git,"git",explorer.exe,,,SHA256=001a87daba4dd88e001a87daba4dd88e001a87daba4dd88e001a87daba4dd88e
2026-05-16 14:25:10.044,build-agent-03,svc_ediscovery,1,chrome.exe,"chrome.exe",explorer.exe,,,SHA256=000eeb5fe3e3f128000eeb5fe3e3f128000eeb5fe3e3f128000eeb5fe3e3f128
2026-05-16 14:35:57.484,VDI-POOL-03,r.owens,1,python3,"python3",explorer.exe,,,SHA256=0016cc73ac81aad40016cc73ac81aad40016cc73ac81aad40016cc73ac81aad4
2026-05-16 14:40:08.611,ENG-FS03,a.chen,1,chrome.exe,"chrome.exe",explorer.exe,,,SHA256=0011100e75cce26e0011100e75cce26e0011100e75cce26e0011100e75cce26e
2026-05-16 14:48:29.936,ENG-FS03,svc-build,1,slack.exe,"slack.exe",launchd,,,SHA256=00176b375ba716c700176b375ba716c700176b375ba716c700176b375ba716c7
2026-05-16 14:57:06.576,VDI-POOL-02,svc-build,1,sshd,"sshd",cmd.exe,,,SHA256=0006f64d4ac6d9040006f64d4ac6d9040006f64d4ac6d9040006f64d4ac6d904
2026-05-16 15:07:51.886,build-agent-03,r.owens,1,outlook.exe,"outlook.exe",cmd.exe,,,SHA256=001365f58d8e951c001365f58d8e951c001365f58d8e951c001365f58d8e951c
2026-05-16 15:16:29.610,FIN-WS22,svc-export,1,git,"git",cmd.exe,,,SHA256=001f8413edfa2f16001f8413edfa2f16001f8413edfa2f16001f8413edfa2f16
2026-05-16 15:19:14.097,VDI-POOL-03,svc-export,1,chrome.exe,"chrome.exe",explorer.exe,,,SHA256=001119f72bd5eedf001119f72bd5eedf001119f72bd5eedf001119f72bd5eedf
2026-05-16 15:24:01.980,VDI-POOL-02,svc_ediscovery,1,git,"git",cmd.exe,,,SHA256=000d63cc6330b7ca000d63cc6330b7ca000d63cc6330b7ca000d63cc6330b7ca
2026-05-16 15:31:04.340,HR-LT19,svc-export,1,powershell.exe,"powershell.exe",explorer.exe,,,SHA256=000d373b16a0e214000d373b16a0e214000d373b16a0e214000d373b16a0e214
2026-05-16 15:39:55.685,FIN-WS22,svc-build,1,sshd,"sshd",launchd,,,SHA256=0022a45b02b90c060022a45b02b90c060022a45b02b90c060022a45b02b90c06
2026-05-16 15:45:17.792,VDI-POOL-03,m.sato,1,powershell.exe,"powershell.exe",launchd,,,SHA256=000ce98539b12d8e000ce98539b12d8e000ce98539b12d8e000ce98539b12d8e
2026-05-16 15:49:43.860,build-agent-03,a.chen,1,outlook.exe,"outlook.exe",explorer.exe,,,SHA256=001f8c63dfa9f463001f8c63dfa9f463001f8c63dfa9f463001f8c63dfa9f463
2026-05-16 15:58:51.830,FIN-WS22,svc-build,1,node,"node",launchd,,,SHA256=001c78fbd68d400e001c78fbd68d400e001c78fbd68d400e001c78fbd68d400e
2026-05-16 16:05:53.868,VDI-POOL-02,j.patel,1,python3,"python3",launchd,,,SHA256=000ebca8610e4c70000ebca8610e4c70000ebca8610e4c70000ebca8610e4c70
2026-05-16 16:16:39.715,VDI-POOL-03,j.patel,1,powershell.exe,"powershell.exe",explorer.exe,,,SHA256=000489cb9255069e000489cb9255069e000489cb9255069e000489cb9255069e
2026-05-16 16:26:01.132,HR-LT19,j.patel,1,slack.exe,"slack.exe",explorer.exe,,,SHA256=001327f0bfbbfb2a001327f0bfbbfb2a001327f0bfbbfb2a001327f0bfbbfb2a
2026-05-16 16:33:58.278,build-agent-03,svc-export,1,slack.exe,"slack.exe",explorer.exe,,,SHA256=000fd0723f1f962e000fd0723f1f962e000fd0723f1f962e000fd0723f1f962e
2026-05-16 16:39:20.400,FIN-WS22,svc-export,1,node,"node",cmd.exe,,,SHA256=001b92285f65dcba001b92285f65dcba001b92285f65dcba001b92285f65dcba
2026-05-16 16:46:35.365,ENG-FS03,svc-build,1,slack.exe,"slack.exe",launchd,,,SHA256=001a21a3dc0eac6e001a21a3dc0eac6e001a21a3dc0eac6e001a21a3dc0eac6e
2026-05-16 16:56:16.732,ENG-FS03,r.owens,1,node,"node",launchd,,,SHA256=000d95394625b96f000d95394625b96f000d95394625b96f000d95394625b96f
2026-05-16 17:02:03.384,HR-LT19,svc-build,1,python3,"python3",explorer.exe,,,SHA256=00225132a8a043ee00225132a8a043ee00225132a8a043ee00225132a8a043ee
2026-05-16 17:11:14.148,VDI-POOL-03,j.patel,1,git,"git",launchd,,,SHA256=000a5b4e8364a5fc000a5b4e8364a5fc000a5b4e8364a5fc000a5b4e8364a5fc
2026-05-16 17:17:15.972,build-agent-03,svc-export,1,git,"git",systemd,,,SHA256=00141f3e4d8eb77200141f3e4d8eb77200141f3e4d8eb77200141f3e4d8eb772
2026-05-16 17:28:05.489,VDI-POOL-03,svc_ediscovery,1,python3,"python3",systemd,,,SHA256=000d8b0aa3b568f5000d8b0aa3b568f5000d8b0aa3b568f5000d8b0aa3b568f5
2026-05-16 17:32:05.377,HR-LT19,a.chen,1,python3,"python3",launchd,,,SHA256=00008257a359309800008257a359309800008257a359309800008257a3593098
2026-05-16 17:42:22.671,FIN-WS22,svc-export,1,node,"node",explorer.exe,,,SHA256=0021253e07b2c1880021253e07b2c1880021253e07b2c1880021253e07b2c188
2026-05-16 17:52:28.818,build-agent-03,r.owens,1,chrome.exe,"chrome.exe",systemd,,,SHA256=00121dc11df05daf00121dc11df05daf00121dc11df05daf00121dc11df05daf
2026-05-16 17:57:12.140,build-agent-03,svc_ediscovery,1,slack.exe,"slack.exe",launchd,,,SHA256=000dff4c2412ab76000dff4c2412ab76000dff4c2412ab76000dff4c2412ab76
2026-05-16 17:59:52.669,VDI-POOL-02,m.sato,1,sshd,"sshd",systemd,,,SHA256=0022b07a3ff7aad00022b07a3ff7aad00022b07a3ff7aad00022b07a3ff7aad0
2026-05-16 18:04:35.947,VDI-POOL-02,svc-build,1,python3,"python3",cmd.exe,,,SHA256=001c6b299862fc5b001c6b299862fc5b001c6b299862fc5b001c6b299862fc5b
2026-05-16 18:08:33.976,build-agent-03,svc-build,1,outlook.exe,"outlook.exe",launchd,,,SHA256=001eea0701c47a42001eea0701c47a42001eea0701c47a42001eea0701c47a42
2026-05-16 18:11:04.513,ENG-FS03,svc-export,1,python3,"python3",explorer.exe,,,SHA256=0010a14badb3f61d0010a14badb3f61d0010a14badb3f61d0010a14badb3f61d
2026-05-16 18:13:59.417,VDI-POOL-03,r.owens,1,chrome.exe,"chrome.exe",launchd,,,SHA256=0012fd874864180b0012fd874864180b0012fd874864180b0012fd874864180b
2026-05-16 18:22:42.753,build-agent-03,svc_ediscovery,1,git,"git",explorer.exe,,,SHA256=001d2920eed4aaae001d2920eed4aaae001d2920eed4aaae001d2920eed4aaae
2026-05-16 18:31:52.445,VDI-POOL-02,a.chen,1,chrome.exe,"chrome.exe",explorer.exe,,,SHA256=0002ebf512aa64d70002ebf512aa64d70002ebf512aa64d70002ebf512aa64d7
2026-05-16 18:43:16.861,build-agent-03,svc-build,1,node,"node",systemd,,,SHA256=000fe74394ff4d08000fe74394ff4d08000fe74394ff4d08000fe74394ff4d08
2026-05-16 18:46:19.989,FIN-WS22,svc-build,1,sshd,"sshd",systemd,,,SHA256=00016e017dbd740f00016e017dbd740f00016e017dbd740f00016e017dbd740f
2026-05-16 18:56:24.704,VDI-POOL-03,a.chen,1,powershell.exe,"powershell.exe",explorer.exe,,,SHA256=001b3c9f6336cb6a001b3c9f6336cb6a001b3c9f6336cb6a001b3c9f6336cb6a
2026-05-16 19:04:00.698,ENG-FS03,j.patel,1,node,"node",systemd,,,SHA256=00089724503b993400089724503b993400089724503b993400089724503b9934
2026-05-16 19:13:58.353,VDI-POOL-03,a.chen,1,node,"node",systemd,,,SHA256=001fbcfea2184ece001fbcfea2184ece001fbcfea2184ece001fbcfea2184ece
2026-05-16 19:20:37.343,FIN-WS22,a.chen,1,chrome.exe,"chrome.exe",launchd,,,SHA256=0018ddcf6550a07c0018ddcf6550a07c0018ddcf6550a07c0018ddcf6550a07c
2026-05-16 19:28:22.950,ENG-FS03,r.owens,1,chrome.exe,"chrome.exe",explorer.exe,,,SHA256=001482026fbc7bad001482026fbc7bad001482026fbc7bad001482026fbc7bad
2026-05-16 19:31:06.634,build-agent-03,a.chen,1,git,"git",cmd.exe,,,SHA256=000fdee06ef72eae000fdee06ef72eae000fdee06ef72eae000fdee06ef72eae
2026-05-16 19:33:41.719,HR-LT19,a.chen,1,chrome.exe,"chrome.exe",systemd,,,SHA256=000b30de1a968ff4000b30de1a968ff4000b30de1a968ff4000b30de1a968ff4
2026-05-16 19:40:00.300,VDI-POOL-02,svc_ediscovery,1,powershell.exe,"powershell.exe",explorer.exe,,,SHA256=001459a0801d8441001459a0801d8441001459a0801d8441001459a0801d8441
2026-05-16 19:44:52.523,HR-LT19,svc-build,1,chrome.exe,"chrome.exe",launchd,,,SHA256=0023853986fcba480023853986fcba480023853986fcba480023853986fcba48
2026-05-16 19:56:21.937,FIN-WS22,m.sato,1,node,"node",explorer.exe,,,SHA256=0021cd43ff841fb00021cd43ff841fb00021cd43ff841fb00021cd43ff841fb0
2026-05-16 20:05:47.059,HR-LT19,a.chen,1,slack.exe,"slack.exe",explorer.exe,,,SHA256=0019729f0c3046790019729f0c3046790019729f0c3046790019729f0c304679
2026-05-16 20:12:04.737,VDI-POOL-02,svc-build,1,outlook.exe,"outlook.exe",cmd.exe,,,SHA256=000d8d8afb30fb22000d8d8afb30fb22000d8d8afb30fb22000d8d8afb30fb22
2026-05-16 20:20:59.343,ENG-FS03,m.sato,1,slack.exe,"slack.exe",cmd.exe,,,SHA256=001330d7ee3a7b42001330d7ee3a7b42001330d7ee3a7b42001330d7ee3a7b42
2026-05-16 20:26:05.839,FIN-WS22,svc-build,1,powershell.exe,"powershell.exe",systemd,,,SHA256=0004c06612b8613a0004c06612b8613a0004c06612b8613a0004c06612b8613a
2026-05-16 20:35:35.798,VDI-POOL-03,svc_ediscovery,1,outlook.exe,"outlook.exe",systemd,,,SHA256=001011fbad84454a001011fbad84454a001011fbad84454a001011fbad84454a
2026-05-16 20:38:33.674,ENG-FS03,svc_ediscovery,1,sshd,"sshd",systemd,,,SHA256=0004cbd5fd41953b0004cbd5fd41953b0004cbd5fd41953b0004cbd5fd41953b
2026-05-16 20:41:54.884,FIN-WS22,a.chen,1,outlook.exe,"outlook.exe",systemd,,,SHA256=0019cee5d8a10b550019cee5d8a10b550019cee5d8a10b550019cee5d8a10b55
2026-05-16 20:47:35.291,VDI-POOL-02,svc-export,1,python3,"python3",cmd.exe,,,SHA256=0009bcc05674ca5e0009bcc05674ca5e0009bcc05674ca5e0009bcc05674ca5e
2026-05-16 20:55:49.806,HR-LT19,j.patel,1,chrome.exe,"chrome.exe",launchd,,,SHA256=000e31c82e9d47cb000e31c82e9d47cb000e31c82e9d47cb000e31c82e9d47cb
2026-05-16 20:59:51.280,VDI-POOL-03,r.owens,1,powershell.exe,"powershell.exe",explorer.exe,,,SHA256=00140d32ae1d267600140d32ae1d267600140d32ae1d267600140d32ae1d2676
2026-05-16 21:07:23.495,build-agent-03,svc-build,1,slack.exe,"slack.exe",cmd.exe,,,SHA256=001857727821c36e001857727821c36e001857727821c36e001857727821c36e
2026-05-16 21:12:56.543,build-agent-03,j.patel,1,sshd,"sshd",cmd.exe,,,SHA256=00053bf810bfcbc300053bf810bfcbc300053bf810bfcbc300053bf810bfcbc3
2026-05-16 21:17:10.666,HR-LT19,svc_ediscovery,1,powershell.exe,"powershell.exe",explorer.exe,,,SHA256=000f8fc2eed78d56000f8fc2eed78d56000f8fc2eed78d56000f8fc2eed78d56
2026-05-16 21:22:45.772,ENG-FS03,j.patel,1,outlook.exe,"outlook.exe",systemd,,,SHA256=000d2bde0a1e2615000d2bde0a1e2615000d2bde0a1e2615000d2bde0a1e2615
2026-05-16 21:31:37.370,build-agent-03,svc-build,1,python3,"python3",cmd.exe,,,SHA256=000110e54f460c2f000110e54f460c2f000110e54f460c2f000110e54f460c2f
2026-05-16 21:38:13.125,FIN-WS22,svc-export,1,chrome.exe,"chrome.exe",systemd,,,SHA256=000f2ca952b8f724000f2ca952b8f724000f2ca952b8f724000f2ca952b8f724
2026-05-16 21:46:34.109,build-agent-03,svc-export,1,node,"node",cmd.exe,,,SHA256=0008c25a34b6c4b60008c25a34b6c4b60008c25a34b6c4b60008c25a34b6c4b6
2026-05-16 21:54:36.230,VDI-POOL-03,svc-export,1,python3,"python3",explorer.exe,,,SHA256=000a26164ef3de2d000a26164ef3de2d000a26164ef3de2d000a26164ef3de2d
2026-05-16 22:04:54.185,FIN-WS22,m.sato,1,node,"node",cmd.exe,,,SHA256=00023c96666bb16f00023c96666bb16f00023c96666bb16f00023c96666bb16f
2026-05-16 22:13:05.237,ENG-FS03,r.owens,1,outlook.exe,"outlook.exe",systemd,,,SHA256=00201151389056d000201151389056d000201151389056d000201151389056d0
2026-05-16 22:20:14.593,FIN-WS22,j.patel,1,chrome.exe,"chrome.exe",cmd.exe,,,SHA256=000e909da8a847aa000e909da8a847aa000e909da8a847aa000e909da8a847aa
2026-05-16 22:27:58.313,build-agent-03,svc_ediscovery,1,sshd,"sshd",explorer.exe,,,SHA256=00218d9454f06b2600218d9454f06b2600218d9454f06b2600218d9454f06b26
2026-05-16 22:32:12.383,ENG-FS03,a.chen,1,sshd,"sshd",cmd.exe,,,SHA256=000a3ad6152885b7000a3ad6152885b7000a3ad6152885b7000a3ad6152885b7
2026-05-16 22:39:15.544,VDI-POOL-03,r.owens,1,slack.exe,"slack.exe",explorer.exe,,,SHA256=00120ac203cc952900120ac203cc952900120ac203cc952900120ac203cc9529
2026-05-16 22:44:55.048,ENG-FS03,svc-export,1,outlook.exe,"outlook.exe",launchd,,,SHA256=001dcf84436ea667001dcf84436ea667001dcf84436ea667001dcf84436ea667
2026-05-16 22:54:23.885,VDI-POOL-03,svc-build,1,node,"node",systemd,,,SHA256=00144db773628b3f00144db773628b3f00144db773628b3f00144db773628b3f
2026-05-16 23:01:59.119,build-agent-03,svc-build,1,sshd,"sshd",cmd.exe,,,SHA256=00086bdcbd5f55c400086bdcbd5f55c400086bdcbd5f55c400086bdcbd5f55c4
2026-05-16 23:10:56.381,FIN-WS22,a.chen,1,sshd,"sshd",cmd.exe,,,SHA256=0005ce210fdff4260005ce210fdff4260005ce210fdff4260005ce210fdff426
2026-05-16 23:16:16.771,HR-LT19,svc_ediscovery,1,python3,"python3",systemd,,,SHA256=0011e0506f3a83140011e0506f3a83140011e0506f3a83140011e0506f3a8314
2026-05-16 23:22:09.543,VDI-POOL-02,svc_ediscovery,1,node,"node",cmd.exe,,,SHA256=0010fff76e033e070010fff76e033e070010fff76e033e070010fff76e033e07
2026-05-16 23:27:25.863,VDI-POOL-02,a.chen,1,node,"node",launchd,,,SHA256=0015a3f3d9802c0a0015a3f3d9802c0a0015a3f3d9802c0a0015a3f3d9802c0a
2026-05-16 23:34:33.358,ENG-FS03,svc_ediscovery,1,sshd,"sshd",explorer.exe,,,SHA256=000f4edb230414d3000f4edb230414d3000f4edb230414d3000f4edb230414d3
2026-05-16 23:42:04.482,HR-LT19,m.sato,1,outlook.exe,"outlook.exe",launchd,,,SHA256=0010ddf73af2bd4d0010ddf73af2bd4d0010ddf73af2bd4d0010ddf73af2bd4d
2026-05-16 23:46:29.056,VDI-POOL-02,svc-export,1,git,"git",systemd,,,SHA256=000d51908fe533e2000d51908fe533e2000d51908fe533e2000d51908fe533e2
2026-05-16 23:55:26.652,VDI-POOL-03,svc-build,1,chrome.exe,"chrome.exe",launchd,,,SHA256=00199e010eb0e42d00199e010eb0e42d00199e010eb0e42d00199e010eb0e42d
2026-05-17 00:04:00.377,FIN-WS22,svc-build,1,node,"node",systemd,,,SHA256=0022cd3029a38ece0022cd3029a38ece0022cd3029a38ece0022cd3029a38ece
2026-05-17 00:10:01.531,FIN-WS22,a.chen,1,chrome.exe,"chrome.exe",explorer.exe,,,SHA256=000a34124221eda2000a34124221eda2000a34124221eda2000a34124221eda2
2026-05-17 00:13:24.703,build-agent-03,svc-build,1,git,"git",launchd,,,SHA256=001170835fb70d8c001170835fb70d8c001170835fb70d8c001170835fb70d8c
2026-05-17 00:19:34.006,VDI-POOL-02,svc-build,1,git,"git",explorer.exe,,,SHA256=0009a406c0e60e870009a406c0e60e870009a406c0e60e870009a406c0e60e87
2026-05-17 00:28:41.049,FIN-WS22,svc-export,1,slack.exe,"slack.exe",explorer.exe,,,SHA256=001ec263ec9057ca001ec263ec9057ca001ec263ec9057ca001ec263ec9057ca
2026-05-17 00:33:50.265,build-agent-03,a.chen,1,node,"node",cmd.exe,,,SHA256=001579abf6563117001579abf6563117001579abf6563117001579abf6563117
2026-05-17 00:40:32.528,VDI-POOL-02,svc_ediscovery,1,powershell.exe,"powershell.exe",cmd.exe,,,SHA256=00123a6f8fce6b8f00123a6f8fce6b8f00123a6f8fce6b8f00123a6f8fce6b8f
2026-05-17 00:47:07.499,FIN-WS22,j.patel,1,outlook.exe,"outlook.exe",cmd.exe,,,SHA256=000ecaddfa2723a7000ecaddfa2723a7000ecaddfa2723a7000ecaddfa2723a7
2026-05-17 00:54:31.530,VDI-POOL-02,j.patel,1,node,"node",explorer.exe,,,SHA256=0016318631c7fb0f0016318631c7fb0f0016318631c7fb0f0016318631c7fb0f
2026-05-17 01:03:32.557,VDI-POOL-02,svc_ediscovery,1,python3,"python3",explorer.exe,,,SHA256=00073c890ce744a400073c890ce744a400073c890ce744a400073c890ce744a4
2026-05-17 01:08:56.493,build-agent-03,svc-build,1,slack.exe,"slack.exe",cmd.exe,,,SHA256=000bd00658c0cdcd000bd00658c0cdcd000bd00658c0cdcd000bd00658c0cdcd
2026-05-17 01:14:49.982,build-agent-03,r.owens,1,powershell.exe,"powershell.exe",launchd,,,SHA256=0005a55fe5fa07ce0005a55fe5fa07ce0005a55fe5fa07ce0005a55fe5fa07ce
2026-05-17 01:18:19.744,VDI-POOL-03,svc-export,1,outlook.exe,"outlook.exe",explorer.exe,,,SHA256=00063323a93fa0f500063323a93fa0f500063323a93fa0f500063323a93fa0f5
2026-05-17 01:27:25.473,ENG-FS03,m.sato,1,outlook.exe,"outlook.exe",systemd,,,SHA256=0009973ebdeff0b40009973ebdeff0b40009973ebdeff0b40009973ebdeff0b4
2026-05-17 01:34:26.538,VDI-POOL-02,svc_ediscovery,1,sshd,"sshd",launchd,,,SHA256=00157f2f5f0842fb00157f2f5f0842fb00157f2f5f0842fb00157f2f5f0842fb
2026-05-17 01:45:06.465,ENG-FS03,a.chen,1,slack.exe,"slack.exe",systemd,,,SHA256=0001c25c1e01de720001c25c1e01de720001c25c1e01de720001c25c1e01de72
2026-05-17 01:54:36.029,ENG-FS03,svc-export,1,python3,"python3",cmd.exe,,,SHA256=0012f37323bfe66f0012f37323bfe66f0012f37323bfe66f0012f37323bfe66f
2026-05-17 02:00:47.117,build-agent-03,svc_ediscovery,1,powershell.exe,"powershell.exe",launchd,,,SHA256=000022eed86ac4a8000022eed86ac4a8000022eed86ac4a8000022eed86ac4a8
2026-05-17 02:05:35.550,FIN-WS22,m.sato,1,sshd,"sshd",cmd.exe,,,SHA256=00046f08d470e82100046f08d470e82100046f08d470e82100046f08d470e821
2026-05-17 02:13:20.656,VDI-POOL-02,r.owens,1,git,"git",systemd,,,SHA256=00071b0c1b042dbd00071b0c1b042dbd00071b0c1b042dbd00071b0c1b042dbd
2026-05-17 02:22:10.181,HR-LT19,m.sato,1,slack.exe,"slack.exe",launchd,,,SHA256=000c64792607847c000c64792607847c000c64792607847c000c64792607847c
2026-05-17 02:25:47.615,VDI-POOL-02,svc-build,1,powershell.exe,"powershell.exe",launchd,,,SHA256=00133ac31743225500133ac31743225500133ac31743225500133ac317432255
2026-05-17 02:29:30.237,VDI-POOL-03,r.owens,1,node,"node",systemd,,,SHA256=0000533b32d9381d0000533b32d9381d0000533b32d9381d0000533b32d9381d
2026-05-17 02:33:24.155,build-agent-03,svc-export,1,node,"node",launchd,,,SHA256=0015a997485c520e0015a997485c520e0015a997485c520e0015a997485c520e
2026-05-17 02:41:49.906,FIN-WS22,j.patel,1,git,"git",systemd,,,SHA256=00087e718501c7b500087e718501c7b500087e718501c7b500087e718501c7b5
2026-05-17 02:49:40.269,FIN-WS22,svc-build,1,outlook.exe,"outlook.exe",systemd,,,SHA256=00069b0e4b89997f00069b0e4b89997f00069b0e4b89997f00069b0e4b89997f
2026-05-17 02:53:50.910,HR-LT19,j.patel,1,python3,"python3",explorer.exe,,,SHA256=0018c55e73b72b200018c55e73b72b200018c55e73b72b200018c55e73b72b20
2026-05-17 03:03:33.306,build-agent-03,a.chen,1,git,"git",cmd.exe,,,SHA256=001c92d06a9a4175001c92d06a9a4175001c92d06a9a4175001c92d06a9a4175
2026-05-17 03:07:15.680,VDI-POOL-02,m.sato,1,slack.exe,"slack.exe",cmd.exe,,,SHA256=0021ad3cee82d7c40021ad3cee82d7c40021ad3cee82d7c40021ad3cee82d7c4
2026-05-17 03:16:27.857,HR-LT19,svc-build,1,powershell.exe,"powershell.exe",explorer.exe,,,SHA256=0021e70416df93660021e70416df93660021e70416df93660021e70416df9366
2026-05-17 03:23:15.165,ENG-FS03,m.sato,1,git,"git",launchd,,,SHA256=001b02f6b22b262e001b02f6b22b262e001b02f6b22b262e001b02f6b22b262e
2026-05-17 03:27:08.699,FIN-WS22,m.sato,1,sshd,"sshd",explorer.exe,,,SHA256=001bf11138ce9f38001bf11138ce9f38001bf11138ce9f38001bf11138ce9f38
2026-05-17 03:36:27.010,VDI-POOL-02,a.chen,1,node,"node",cmd.exe,,,SHA256=000b0d8e8d4ecee9000b0d8e8d4ecee9000b0d8e8d4ecee9000b0d8e8d4ecee9
2026-05-17 03:42:39.090,FIN-WS22,m.sato,1,git,"git",cmd.exe,,,SHA256=000f6067dc804e37000f6067dc804e37000f6067dc804e37000f6067dc804e37
2026-05-17 03:53:20.480,build-agent-03,m.sato,1,slack.exe,"slack.exe",explorer.exe,,,SHA256=0012a4df86e3baa00012a4df86e3baa00012a4df86e3baa00012a4df86e3baa0
2026-05-17 03:57:12.341,build-agent-03,j.patel,1,node,"node",cmd.exe,,,SHA256=000aab5cd9411f52000aab5cd9411f52000aab5cd9411f52000aab5cd9411f52
2026-05-17 03:59:55.109,build-agent-03,j.patel,1,chrome.exe,"chrome.exe",systemd,,,SHA256=0001464495b6a1750001464495b6a1750001464495b6a1750001464495b6a175
2026-05-17 04:09:50.235,FIN-WS22,svc_ediscovery,1,git,"git",launchd,,,SHA256=0021af80e10728980021af80e10728980021af80e10728980021af80e1072898
2026-05-17 04:15:40.711,ENG-FS03,j.patel,1,slack.exe,"slack.exe",cmd.exe,,,SHA256=00120aadc04835a300120aadc04835a300120aadc04835a300120aadc04835a3
2026-05-17 04:24:17.466,FIN-WS22,j.patel,1,node,"node",systemd,,,SHA256=000e7493009539f0000e7493009539f0000e7493009539f0000e7493009539f0
2026-05-17 04:29:56.971,VDI-POOL-03,svc-build,1,powershell.exe,"powershell.exe",cmd.exe,,,SHA256=000a65162034d551000a65162034d551000a65162034d551000a65162034d551
2026-05-17 04:40:46.885,ENG-FS03,svc-export,1,chrome.exe,"chrome.exe",explorer.exe,,,SHA256=0001c13be1cf3d1e0001c13be1cf3d1e0001c13be1cf3d1e0001c13be1cf3d1e
2026-05-17 04:44:51.502,HR-LT19,m.sato,1,node,"node",explorer.exe,,,SHA256=0017a3b6156fffb80017a3b6156fffb80017a3b6156fffb80017a3b6156fffb8
2026-05-17 04:47:46.019,ENG-FS03,j.patel,1,git,"git",explorer.exe,,,SHA256=000d4212a5162ef5000d4212a5162ef5000d4212a5162ef5000d4212a5162ef5
2026-05-17 04:54:05.854,HR-LT19,j.patel,1,sshd,"sshd",cmd.exe,,,SHA256=00043ba22d9c097600043ba22d9c097600043ba22d9c097600043ba22d9c0976
2026-05-17 05:01:00.882,ENG-FS03,r.owens,1,python3,"python3",launchd,,,SHA256=000ac376ba924dd8000ac376ba924dd8000ac376ba924dd8000ac376ba924dd8
2026-05-17 05:10:59.590,HR-LT19,svc-build,1,powershell.exe,"powershell.exe",explorer.exe,,,SHA256=001015b8d3e6cc33001015b8d3e6cc33001015b8d3e6cc33001015b8d3e6cc33
2026-05-17 05:15:48.782,FIN-WS22,r.owens,1,python3,"python3",launchd,,,SHA256=001f063713755976001f063713755976001f063713755976001f063713755976
2026-05-17 05:26:13.172,VDI-POOL-02,j.patel,1,python3,"python3",cmd.exe,,,SHA256=0016a80885944d750016a80885944d750016a80885944d750016a80885944d75
2026-05-17 05:29:17.412,VDI-POOL-03,r.owens,1,powershell.exe,"powershell.exe",cmd.exe,,,SHA256=000e377982a0ffc5000e377982a0ffc5000e377982a0ffc5000e377982a0ffc5
2026-05-17 05:32:51.028,HR-LT19,svc-export,1,sshd,"sshd",explorer.exe,,,SHA256=0018c824f7fe98bf0018c824f7fe98bf0018c824f7fe98bf0018c824f7fe98bf
2026-05-17 05:36:23.167,VDI-POOL-02,a.chen,1,outlook.exe,"outlook.exe",launchd,,,SHA256=0011d45fb82dd33d0011d45fb82dd33d0011d45fb82dd33d0011d45fb82dd33d
2026-05-17 05:41:16.788,ENG-FS03,j.patel,1,python3,"python3",launchd,,,SHA256=0002fca1a21c48ee0002fca1a21c48ee0002fca1a21c48ee0002fca1a21c48ee
2026-05-17 05:50:07.238,VDI-POOL-03,svc_ediscovery,1,slack.exe,"slack.exe",systemd,,,SHA256=00147fdd8995665800147fdd8995665800147fdd8995665800147fdd89956658
2026-05-17 05:56:53.307,FIN-WS22,svc-build,1,python3,"python3",systemd,,,SHA256=000a2351a1687cd7000a2351a1687cd7000a2351a1687cd7000a2351a1687cd7
2026-05-17 06:00:23.656,HR-LT19,svc-export,1,node,"node",cmd.exe,,,SHA256=001556b729dc6848001556b729dc6848001556b729dc6848001556b729dc6848
2026-05-17 06:06:10.718,FIN-WS22,svc_ediscovery,1,node,"node",cmd.exe,,,SHA256=001711c66322331b001711c66322331b001711c66322331b001711c66322331b
2026-05-17 06:13:39.101,HR-LT19,m.sato,1,node,"node",systemd,,,SHA256=000c510c98e9def9000c510c98e9def9000c510c98e9def9000c510c98e9def9
2026-05-17 06:22:26.385,VDI-POOL-03,svc-build,1,outlook.exe,"outlook.exe",cmd.exe,,,SHA256=00175dfd90e1494c00175dfd90e1494c00175dfd90e1494c00175dfd90e1494c
2026-05-17 06:26:19.902,VDI-POOL-02,svc-export,1,slack.exe,"slack.exe",cmd.exe,,,SHA256=000e18ad98f9da48000e18ad98f9da48000e18ad98f9da48000e18ad98f9da48
2026-05-17 06:35:51.240,VDI-POOL-03,r.owens,1,outlook.exe,"outlook.exe",systemd,,,SHA256=0004c615c0d99a440004c615c0d99a440004c615c0d99a440004c615c0d99a44
2026-05-17 06:40:07.275,build-agent-03,svc-build,1,node,"node",explorer.exe,,,SHA256=001357b5b7803c84001357b5b7803c84001357b5b7803c84001357b5b7803c84
2026-05-17 06:51:17.628,VDI-POOL-03,svc_ediscovery,1,powershell.exe,"powershell.exe",explorer.exe,,,SHA256=00045c08d35ff7c400045c08d35ff7c400045c08d35ff7c400045c08d35ff7c4
2026-05-17 06:54:37.490,ENG-FS03,svc_ediscovery,1,powershell.exe,"powershell.exe",explorer.exe,,,SHA256=0010233280897425001023328089742500102332808974250010233280897425
2026-05-17 07:04:54.405,VDI-POOL-02,svc-export,1,chrome.exe,"chrome.exe",launchd,,,SHA256=000ecb8674edfb4b000ecb8674edfb4b000ecb8674edfb4b000ecb8674edfb4b
2026-05-17 07:15:09.271,VDI-POOL-02,a.chen,1,node,"node",systemd,,,SHA256=001856b1815042ca001856b1815042ca001856b1815042ca001856b1815042ca
2026-05-17 07:18:55.646,ENG-FS03,svc-export,1,outlook.exe,"outlook.exe",cmd.exe,,,SHA256=0022be30a51cea360022be30a51cea360022be30a51cea360022be30a51cea36
2026-05-17 07:21:56.345,build-agent-03,m.sato,1,chrome.exe,"chrome.exe",cmd.exe,,,SHA256=000f896b7b2ded76000f896b7b2ded76000f896b7b2ded76000f896b7b2ded76
2026-05-17 07:32:59.963,build-agent-03,j.patel,1,chrome.exe,"chrome.exe",explorer.exe,,,SHA256=0019e2f6a27229200019e2f6a27229200019e2f6a27229200019e2f6a2722920
2026-05-17 07:39:08.712,FIN-WS22,svc_ediscovery,1,powershell.exe,"powershell.exe",cmd.exe,,,SHA256=00167adc0106720d00167adc0106720d00167adc0106720d00167adc0106720d
2026-05-17 07:45:38.048,HR-LT19,a.chen,1,chrome.exe,"chrome.exe",cmd.exe,,,SHA256=000fd956e394fa72000fd956e394fa72000fd956e394fa72000fd956e394fa72
2026-05-17 07:53:41.804,VDI-POOL-03,svc_ediscovery,1,chrome.exe,"chrome.exe",launchd,,,SHA256=0006a46e2a6d9e0b0006a46e2a6d9e0b0006a46e2a6d9e0b0006a46e2a6d9e0b
2026-05-17 08:04:16.685,ENG-FS03,svc-export,1,git,"git",cmd.exe,,,SHA256=001ab3e66665844b001ab3e66665844b001ab3e66665844b001ab3e66665844b
2026-05-17 08:07:58.347,VDI-POOL-02,svc-build,1,sshd,"sshd",launchd,,,SHA256=0014bb356d0d22870014bb356d0d22870014bb356d0d22870014bb356d0d2287
2026-05-17 08:13:48.094,HR-LT19,svc-export,1,sshd,"sshd",explorer.exe,,,SHA256=000f087a55eb5996000f087a55eb5996000f087a55eb5996000f087a55eb5996
2026-05-17 08:23:03.342,ENG-FS03,r.owens,1,outlook.exe,"outlook.exe",cmd.exe,,,SHA256=0003e233712201660003e233712201660003e233712201660003e23371220166
2026-05-17 08:34:04.102,build-agent-03,r.owens,1,python3,"python3",launchd,,,SHA256=0012660da40202670012660da40202670012660da40202670012660da4020267
2026-05-17 08:40:18.236,FIN-WS22,a.chen,1,git,"git",explorer.exe,,,SHA256=000ccc3c37c0efe1000ccc3c37c0efe1000ccc3c37c0efe1000ccc3c37c0efe1
2026-05-17 08:51:35.259,build-agent-03,j.patel,1,python3,"python3",cmd.exe,,,SHA256=00015f4814863f9700015f4814863f9700015f4814863f9700015f4814863f97
2026-05-17 08:59:35.952,build-agent-03,svc-build,1,git,"git",cmd.exe,,,SHA256=001f27c401128a3c001f27c401128a3c001f27c401128a3c001f27c401128a3c
2026-05-17 09:10:05.640,VDI-POOL-03,m.sato,1,python3,"python3",systemd,,,SHA256=000491a45c1605a2000491a45c1605a2000491a45c1605a2000491a45c1605a2
2026-05-17 09:13:44.082,build-agent-03,svc-export,1,sshd,"sshd",systemd,,,SHA256=0000b465525274be0000b465525274be0000b465525274be0000b465525274be
2026-05-17 09:20:14.698,ENG-FS03,a.chen,1,sshd,"sshd",launchd,,,SHA256=000106bcb8c36abf000106bcb8c36abf000106bcb8c36abf000106bcb8c36abf
2026-05-17 09:23:59.184,VDI-POOL-03,a.chen,1,python3,"python3",explorer.exe,,,SHA256=000fb8b95c38c5f6000fb8b95c38c5f6000fb8b95c38c5f6000fb8b95c38c5f6
2026-05-17 09:31:28.166,VDI-POOL-02,a.chen,1,python3,"python3",systemd,,,SHA256=000a0d4fff2b0440000a0d4fff2b0440000a0d4fff2b0440000a0d4fff2b0440
2026-05-17 09:42:00.721,ENG-FS03,svc-build,1,node,"node",launchd,,,SHA256=001b7ac032945630001b7ac032945630001b7ac032945630001b7ac032945630
2026-05-17 09:53:20.620,ENG-FS03,m.sato,1,sshd,"sshd",systemd,,,SHA256=0020c6c979326f2c0020c6c979326f2c0020c6c979326f2c0020c6c979326f2c
2026-05-17 09:59:48.839,FIN-WS22,j.patel,1,powershell.exe,"powershell.exe",cmd.exe,,,SHA256=000cf77086b9d033000cf77086b9d033000cf77086b9d033000cf77086b9d033
2026-05-17 10:07:42.944,HR-LT19,svc-build,1,git,"git",cmd.exe,,,SHA256=001604de6b360019001604de6b360019001604de6b360019001604de6b360019
2026-05-17 10:11:35.773,HR-LT19,svc-build,1,powershell.exe,"powershell.exe",explorer.exe,,,SHA256=0007c617fd2f9f3f0007c617fd2f9f3f0007c617fd2f9f3f0007c617fd2f9f3f
2026-05-17 10:14:08.573,build-agent-03,j.patel,1,powershell.exe,"powershell.exe",cmd.exe,,,SHA256=00015fb96119d64c00015fb96119d64c00015fb96119d64c00015fb96119d64c
2026-05-17 10:16:56.322,ENG-FS03,svc-build,1,chrome.exe,"chrome.exe",launchd,,,SHA256=000fec0b3ec01646000fec0b3ec01646000fec0b3ec01646000fec0b3ec01646
2026-05-17 10:25:02.992,VDI-POOL-03,a.chen,1,git,"git",cmd.exe,,,SHA256=001efb8ac396ce15001efb8ac396ce15001efb8ac396ce15001efb8ac396ce15
2026-05-17 10:27:48.444,VDI-POOL-02,j.patel,1,outlook.exe,"outlook.exe",systemd,,,SHA256=001f70901f916c68001f70901f916c68001f70901f916c68001f70901f916c68
2026-05-17 10:36:21.625,build-agent-03,svc-build,1,git,"git",systemd,,,SHA256=000a8da650140e65000a8da650140e65000a8da650140e65000a8da650140e65
2026-05-17 10:46:30.645,FIN-WS22,svc-build,1,chrome.exe,"chrome.exe",launchd,,,SHA256=0018963e05886ab30018963e05886ab30018963e05886ab30018963e05886ab3
2026-05-17 10:54:11.842,VDI-POOL-02,svc_ediscovery,1,sshd,"sshd",cmd.exe,,,SHA256=001d9e0264622db4001d9e0264622db4001d9e0264622db4001d9e0264622db4
2026-05-17 10:56:48.483,build-agent-03,r.owens,1,powershell.exe,"powershell.exe",explorer.exe,,,SHA256=0003316e6171e7190003316e6171e7190003316e6171e7190003316e6171e719
2026-05-17 11:05:35.459,ENG-FS03,r.owens,1,node,"node",systemd,,,SHA256=001de594a9262a11001de594a9262a11001de594a9262a11001de594a9262a11
2026-05-17 11:08:58.093,ENG-FS03,m.sato,1,outlook.exe,"outlook.exe",systemd,,,SHA256=0013c4729c1868b40013c4729c1868b40013c4729c1868b40013c4729c1868b4
2026-05-17 11:15:58.719,FIN-WS22,svc-build,1,powershell.exe,"powershell.exe",launchd,,,SHA256=0004eb1c60b7b0890004eb1c60b7b0890004eb1c60b7b0890004eb1c60b7b089
2026-05-17 11:22:40.307,VDI-POOL-02,a.chen,1,slack.exe,"slack.exe",cmd.exe,,,SHA256=0003ec01745b91380003ec01745b91380003ec01745b91380003ec01745b9138
2026-05-17 11:29:37.374,FIN-WS22,svc-build,1,git,"git",systemd,,,SHA256=0010e39139af6fbc0010e39139af6fbc0010e39139af6fbc0010e39139af6fbc
2026-05-17 11:40:14.542,HR-LT19,a.chen,1,outlook.exe,"outlook.exe",launchd,,,SHA256=001312fb226327b8001312fb226327b8001312fb226327b8001312fb226327b8
2026-05-17 11:47:55.110,HR-LT19,j.patel,1,node,"node",launchd,,,SHA256=001e481adb6671bc001e481adb6671bc001e481adb6671bc001e481adb6671bc
2026-05-17 11:58:47.260,ENG-FS03,j.patel,1,git,"git",launchd,,,SHA256=00179ba76a8ce09c00179ba76a8ce09c00179ba76a8ce09c00179ba76a8ce09c
2026-05-17 12:06:54.183,HR-LT19,svc-build,1,node,"node",launchd,,,SHA256=00204f81ab64b92800204f81ab64b92800204f81ab64b92800204f81ab64b928
2026-05-17 12:16:25.431,VDI-POOL-03,r.owens,1,powershell.exe,"powershell.exe",launchd,,,SHA256=0001e9a73a563ee00001e9a73a563ee00001e9a73a563ee00001e9a73a563ee0
2026-05-17 12:23:07.752,ENG-FS03,m.sato,1,node,"node",cmd.exe,,,SHA256=001f2d18fcd49d86001f2d18fcd49d86001f2d18fcd49d86001f2d18fcd49d86
2026-05-17 12:27:51.053,VDI-POOL-02,r.owens,1,git,"git",cmd.exe,,,SHA256=00191885de8f2a9000191885de8f2a9000191885de8f2a9000191885de8f2a90
2026-05-17 12:35:24.035,ENG-FS03,j.patel,1,powershell.exe,"powershell.exe",systemd,,,SHA256=001d3a21938ea2e7001d3a21938ea2e7001d3a21938ea2e7001d3a21938ea2e7
2026-05-17 12:46:08.404,build-agent-03,svc-build,1,node,"node",cmd.exe,,,SHA256=001736411c981882001736411c981882001736411c981882001736411c981882
2026-05-17 12:48:43.023,build-agent-03,m.sato,1,outlook.exe,"outlook.exe",systemd,,,SHA256=0006027b20bfc8b70006027b20bfc8b70006027b20bfc8b70006027b20bfc8b7
2026-05-17 12:55:41.346,VDI-POOL-02,svc_ediscovery,1,outlook.exe,"outlook.exe",explorer.exe,,,SHA256=0012f66dddb9df550012f66dddb9df550012f66dddb9df550012f66dddb9df55
2026-05-17 13:05:07.126,VDI-POOL-03,a.chen,1,powershell.exe,"powershell.exe",launchd,,,SHA256=001a1d1cda9e8be4001a1d1cda9e8be4001a1d1cda9e8be4001a1d1cda9e8be4
2026-05-17 13:09:53.589,ENG-FS03,r.owens,1,python3,"python3",launchd,,,SHA256=001282b0826995a8001282b0826995a8001282b0826995a8001282b0826995a8
2026-05-17 13:13:57.734,ENG-FS03,a.chen,1,python3,"python3",systemd,,,SHA256=001b2b62f0831832001b2b62f0831832001b2b62f0831832001b2b62f0831832
2026-05-17 13:23:10.487,build-agent-03,svc_ediscovery,1,node,"node",systemd,,,SHA256=00076221d69e159d00076221d69e159d00076221d69e159d00076221d69e159d
2026-05-17 13:26:30.323,build-agent-03,j.patel,1,outlook.exe,"outlook.exe",systemd,,,SHA256=0018a13ba08864dc0018a13ba08864dc0018a13ba08864dc0018a13ba08864dc
2026-05-17 13:32:36.543,HR-LT19,svc-build,1,python3,"python3",explorer.exe,,,SHA256=000af1b41fbf0190000af1b41fbf0190000af1b41fbf0190000af1b41fbf0190
2026-05-17 13:38:31.333,HR-LT19,j.patel,1,sshd,"sshd",cmd.exe,,,SHA256=00163d2769e3386d00163d2769e3386d00163d2769e3386d00163d2769e3386d
2026-05-17 13:46:28.412,HR-LT19,svc_ediscovery,1,git,"git",systemd,,,SHA256=000a26ac29e06613000a26ac29e06613000a26ac29e06613000a26ac29e06613
2026-05-17 13:53:00.698,ENG-FS03,j.patel,1,git,"git",explorer.exe,,,SHA256=001b5017fb6b4fdf001b5017fb6b4fdf001b5017fb6b4fdf001b5017fb6b4fdf
2026-05-17 13:58:38.858,HR-LT19,m.sato,1,slack.exe,"slack.exe",cmd.exe,,,SHA256=00099740f27c552c00099740f27c552c00099740f27c552c00099740f27c552c
2026-05-17 14:01:54.514,HR-LT19,svc_ediscovery,1,outlook.exe,"outlook.exe",cmd.exe,,,SHA256=000a67cf1db324f3000a67cf1db324f3000a67cf1db324f3000a67cf1db324f3
2026-05-17 14:09:52.696,ENG-FS03,a.chen,1,chrome.exe,"chrome.exe",launchd,,,SHA256=001ebefc9e7d16d1001ebefc9e7d16d1001ebefc9e7d16d1001ebefc9e7d16d1
2026-05-17 14:20:02.961,HR-LT19,m.sato,1,python3,"python3",explorer.exe,,,SHA256=000d1593d1850fd2000d1593d1850fd2000d1593d1850fd2000d1593d1850fd2
2026-05-17 14:31:31.412,HR-LT19,svc-build,1,sshd,"sshd",launchd,,,SHA256=00197fe4a3e0caa200197fe4a3e0caa200197fe4a3e0caa200197fe4a3e0caa2
2026-05-17 14:40:29.229,build-agent-03,svc_ediscovery,1,powershell.exe,"powershell.exe",systemd,,,SHA256=000c76b70bbbbfe4000c76b70bbbbfe4000c76b70bbbbfe4000c76b70bbbbfe4
2026-05-17 14:46:28.764,ENG-FS03,svc_ediscovery,1,chrome.exe,"chrome.exe",launchd,,,SHA256=002181b198f896e6002181b198f896e6002181b198f896e6002181b198f896e6
2026-05-17 14:55:35.804,ENG-FS03,m.sato,1,chrome.exe,"chrome.exe",explorer.exe,,,SHA256=000cacd88d7447ef000cacd88d7447ef000cacd88d7447ef000cacd88d7447ef
2026-05-17 15:02:35.286,ENG-FS03,a.chen,1,powershell.exe,"powershell.exe",cmd.exe,,,SHA256=001bc46ecd5cc0cb001bc46ecd5cc0cb001bc46ecd5cc0cb001bc46ecd5cc0cb
2026-05-17 15:13:15.114,VDI-POOL-02,a.chen,1,sshd,"sshd",cmd.exe,,,SHA256=001935d0e9313972001935d0e9313972001935d0e9313972001935d0e9313972
2026-05-17 15:21:55.261,build-agent-03,r.owens,1,powershell.exe,"powershell.exe",systemd,,,SHA256=0002f4f1f4fe49d80002f4f1f4fe49d80002f4f1f4fe49d80002f4f1f4fe49d8
2026-05-17 15:29:42.151,ENG-FS03,svc-export,1,chrome.exe,"chrome.exe",explorer.exe,,,SHA256=0023483f9e828b420023483f9e828b420023483f9e828b420023483f9e828b42
2026-05-17 15:35:55.332,build-agent-03,m.sato,1,python3,"python3",explorer.exe,,,SHA256=00114c9d4f96eeb500114c9d4f96eeb500114c9d4f96eeb500114c9d4f96eeb5
2026-05-17 15:38:37.310,ENG-FS03,m.sato,1,powershell.exe,"powershell.exe",explorer.exe,,,SHA256=0018b48661f547640018b48661f547640018b48661f547640018b48661f54764
2026-05-17 15:42:29.567,HR-LT19,j.patel,1,slack.exe,"slack.exe",launchd,,,SHA256=000e3c72a1eba31e000e3c72a1eba31e000e3c72a1eba31e000e3c72a1eba31e
2026-05-17 15:53:08.311,VDI-POOL-02,svc_ediscovery,1,slack.exe,"slack.exe",launchd,,,SHA256=001816dff3bb3c2c001816dff3bb3c2c001816dff3bb3c2c001816dff3bb3c2c
2026-05-17 16:01:41.396,ENG-FS03,j.patel,1,chrome.exe,"chrome.exe",systemd,,,SHA256=0005171d1d1ae7230005171d1d1ae7230005171d1d1ae7230005171d1d1ae723
2026-05-17 16:04:30.700,FIN-WS22,j.patel,1,python3,"python3",launchd,,,SHA256=0021ed33c4672c940021ed33c4672c940021ed33c4672c940021ed33c4672c94
2026-05-17 16:15:48.483,HR-LT19,j.patel,1,outlook.exe,"outlook.exe",systemd,,,SHA256=001e6a14843f91a4001e6a14843f91a4001e6a14843f91a4001e6a14843f91a4
2026-05-17 16:22:27.042,ENG-FS03,svc-build,1,powershell.exe,"powershell.exe",cmd.exe,,,SHA256=00124a7ca0943be100124a7ca0943be100124a7ca0943be100124a7ca0943be1
2026-05-17 16:28:12.206,VDI-POOL-02,svc-export,1,python3,"python3",systemd,,,SHA256=00019bb6c7f3ec0a00019bb6c7f3ec0a00019bb6c7f3ec0a00019bb6c7f3ec0a
2026-05-17 16:36:55.549,ENG-FS03,svc-export,1,slack.exe,"slack.exe",cmd.exe,,,SHA256=00062099097a907300062099097a907300062099097a907300062099097a9073
2026-05-17 16:42:19.060,build-agent-03,j.patel,1,git,"git",explorer.exe,,,SHA256=001ea73407bf3b48001ea73407bf3b48001ea73407bf3b48001ea73407bf3b48
2026-05-17 16:52:39.516,HR-LT19,m.sato,1,chrome.exe,"chrome.exe",launchd,,,SHA256=00183c928e9a69eb00183c928e9a69eb00183c928e9a69eb00183c928e9a69eb
2026-05-17 16:57:56.902,FIN-WS22,m.sato,1,node,"node",systemd,,,SHA256=001147a6d2341214001147a6d2341214001147a6d2341214001147a6d2341214
2026-05-17 17:09:19.547,VDI-POOL-02,r.owens,1,powershell.exe,"powershell.exe",explorer.exe,,,SHA256=0015468355a326820015468355a326820015468355a326820015468355a32682
2026-05-17 17:16:54.596,HR-LT19,a.chen,1,node,"node",cmd.exe,,,SHA256=00075c5ab583086000075c5ab583086000075c5ab583086000075c5ab5830860
2026-05-17 17:23:51.198,VDI-POOL-03,svc-build,1,sshd,"sshd",launchd,,,SHA256=001605e2792df3a7001605e2792df3a7001605e2792df3a7001605e2792df3a7
2026-05-17 17:30:49.241,build-agent-03,j.patel,1,sshd,"sshd",explorer.exe,,,SHA256=0003063ce1e5b41e0003063ce1e5b41e0003063ce1e5b41e0003063ce1e5b41e
2026-05-17 17:42:01.268,build-agent-03,a.chen,1,python3,"python3",cmd.exe,,,SHA256=000dfad957ff25d9000dfad957ff25d9000dfad957ff25d9000dfad957ff25d9
2026-05-17 17:47:50.781,VDI-POOL-03,r.owens,1,git,"git",cmd.exe,,,SHA256=0009fa0efcb0ff340009fa0efcb0ff340009fa0efcb0ff340009fa0efcb0ff34
2026-05-17 17:55:56.621,build-agent-03,j.patel,1,python3,"python3",systemd,,,SHA256=0000f39fe40b73c50000f39fe40b73c50000f39fe40b73c50000f39fe40b73c5
2026-05-17 18:00:49.435,build-agent-03,r.owens,1,node,"node",explorer.exe,,,SHA256=000f0d55566f36bc000f0d55566f36bc000f0d55566f36bc000f0d55566f36bc
2026-05-17 18:10:50.016,VDI-POOL-03,svc-export,1,slack.exe,"slack.exe",explorer.exe,,,SHA256=001ba98ec0dc90a2001ba98ec0dc90a2001ba98ec0dc90a2001ba98ec0dc90a2
2026-05-17 18:18:16.995,VDI-POOL-03,r.owens,1,node,"node",launchd,,,SHA256=001639138f5e6f7f001639138f5e6f7f001639138f5e6f7f001639138f5e6f7f
2026-05-17 18:20:48.073,HR-LT19,svc-export,1,chrome.exe,"chrome.exe",explorer.exe,,,SHA256=0017da450ca1e1cb0017da450ca1e1cb0017da450ca1e1cb0017da450ca1e1cb
2026-05-17 18:26:28.668,VDI-POOL-02,r.owens,1,chrome.exe,"chrome.exe",explorer.exe,,,SHA256=00237e8643591bb200237e8643591bb200237e8643591bb200237e8643591bb2
2026-05-17 18:32:17.104,FIN-WS22,j.patel,1,outlook.exe,"outlook.exe",systemd,,,SHA256=000036fa967d4b9c000036fa967d4b9c000036fa967d4b9c000036fa967d4b9c
2026-05-17 18:41:37.779,build-agent-03,m.sato,1,outlook.exe,"outlook.exe",cmd.exe,,,SHA256=001c178eb122edf1001c178eb122edf1001c178eb122edf1001c178eb122edf1
2026-05-17 18:50:03.194,FIN-WS22,a.chen,1,slack.exe,"slack.exe",cmd.exe,,,SHA256=00008785e86c519000008785e86c519000008785e86c519000008785e86c5190
2026-05-17 18:59:11.254,VDI-POOL-03,j.patel,1,powershell.exe,"powershell.exe",explorer.exe,,,SHA256=00114c26cc86657b00114c26cc86657b00114c26cc86657b00114c26cc86657b
2026-05-17 19:07:33.513,VDI-POOL-02,r.owens,1,outlook.exe,"outlook.exe",cmd.exe,,,SHA256=0004d92fc1b4059a0004d92fc1b4059a0004d92fc1b4059a0004d92fc1b4059a
2026-05-17 19:18:59.442,VDI-POOL-02,svc_ediscovery,1,node,"node",systemd,,,SHA256=0011e27869159fae0011e27869159fae0011e27869159fae0011e27869159fae
2026-05-17 19:21:46.471,build-agent-03,j.patel,1,slack.exe,"slack.exe",cmd.exe,,,SHA256=0016fa1caa6782c30016fa1caa6782c30016fa1caa6782c30016fa1caa6782c3
2026-05-17 19:26:49.457,ENG-FS03,a.chen,1,powershell.exe,"powershell.exe",launchd,,,SHA256=000b466724db4ac4000b466724db4ac4000b466724db4ac4000b466724db4ac4
2026-05-17 19:30:28.977,build-agent-03,svc-export,1,sshd,"sshd",cmd.exe,,,SHA256=00166db878bfef0400166db878bfef0400166db878bfef0400166db878bfef04
2026-05-17 19:40:56.839,FIN-WS22,m.sato,1,python3,"python3",systemd,,,SHA256=0005593476b6d5ce0005593476b6d5ce0005593476b6d5ce0005593476b6d5ce
2026-05-17 19:47:19.645,FIN-WS22,j.patel,1,sshd,"sshd",systemd,,,SHA256=0012ec4a884040640012ec4a884040640012ec4a884040640012ec4a88404064
2026-05-17 19:51:45.969,FIN-WS22,svc-build,1,git,"git",launchd,,,SHA256=00140b00d1c839f000140b00d1c839f000140b00d1c839f000140b00d1c839f0
2026-05-17 20:02:47.462,FIN-WS22,j.patel,1,powershell.exe,"powershell.exe",cmd.exe,,,SHA256=001ae48a22fd4153001ae48a22fd4153001ae48a22fd4153001ae48a22fd4153
2026-05-17 20:12:55.295,VDI-POOL-02,r.owens,1,sshd,"sshd",cmd.exe,,,SHA256=001464659a04f8dc001464659a04f8dc001464659a04f8dc001464659a04f8dc
2026-05-17 20:22:36.021,build-agent-03,r.owens,1,python3,"python3",explorer.exe,,,SHA256=0002ab24765e90470002ab24765e90470002ab24765e90470002ab24765e9047
2026-05-17 20:28:39.039,build-agent-03,svc-export,1,powershell.exe,"powershell.exe",explorer.exe,,,SHA256=00052adc70c52c9300052adc70c52c9300052adc70c52c9300052adc70c52c93
2026-05-17 20:36:54.060,VDI-POOL-02,a.chen,1,git,"git",cmd.exe,,,SHA256=001c7ab957e09697001c7ab957e09697001c7ab957e09697001c7ab957e09697
2026-05-17 20:48:22.696,HR-LT19,r.owens,1,python3,"python3",systemd,,,SHA256=000652154f3ac459000652154f3ac459000652154f3ac459000652154f3ac459
2026-05-17 20:57:53.688,FIN-WS22,a.chen,1,node,"node",systemd,,,SHA256=00230cfef0f4b29600230cfef0f4b29600230cfef0f4b29600230cfef0f4b296
2026-05-17 21:04:05.261,HR-LT19,j.patel,1,outlook.exe,"outlook.exe",systemd,,,SHA256=000bfeba8efc4af8000bfeba8efc4af8000bfeba8efc4af8000bfeba8efc4af8
2026-05-17 21:07:28.278,ENG-FS03,svc_ediscovery,1,node,"node",launchd,,,SHA256=0003b70919bb10f20003b70919bb10f20003b70919bb10f20003b70919bb10f2
2026-05-17 21:18:06.723,HR-LT19,m.sato,1,node,"node",systemd,,,SHA256=000c639acb81d239000c639acb81d239000c639acb81d239000c639acb81d239
2026-05-17 21:21:42.642,FIN-WS22,m.sato,1,chrome.exe,"chrome.exe",cmd.exe,,,SHA256=0022a2c29115f14e0022a2c29115f14e0022a2c29115f14e0022a2c29115f14e
2026-05-17 21:28:35.021,VDI-POOL-02,r.owens,1,chrome.exe,"chrome.exe",cmd.exe,,,SHA256=00155e74c5d8df9e00155e74c5d8df9e00155e74c5d8df9e00155e74c5d8df9e
2026-05-17 21:38:58.747,ENG-FS03,j.patel,1,powershell.exe,"powershell.exe",launchd,,,SHA256=001fe6db3a10521c001fe6db3a10521c001fe6db3a10521c001fe6db3a10521c
2026-05-17 21:42:52.256,HR-LT19,m.sato,1,slack.exe,"slack.exe",systemd,,,SHA256=0006a942ef4676620006a942ef4676620006a942ef4676620006a942ef467662
2026-05-17 21:48:40.816,VDI-POOL-03,m.sato,1,node,"node",cmd.exe,,,SHA256=0008935069e53fbe0008935069e53fbe0008935069e53fbe0008935069e53fbe
2026-05-17 21:52:55.596,FIN-WS22,svc-build,1,sshd,"sshd",explorer.exe,,,SHA256=00199c1939089ab500199c1939089ab500199c1939089ab500199c1939089ab5
2026-05-17 22:02:34.327,VDI-POOL-02,m.sato,1,powershell.exe,"powershell.exe",cmd.exe,,,SHA256=002225687bad42e0002225687bad42e0002225687bad42e0002225687bad42e0
2026-05-17 22:11:33.923,VDI-POOL-02,m.sato,1,chrome.exe,"chrome.exe",cmd.exe,,,SHA256=0013b6a9e940ea330013b6a9e940ea330013b6a9e940ea330013b6a9e940ea33
2026-05-17 22:21:54.015,VDI-POOL-03,a.chen,1,node,"node",cmd.exe,,,SHA256=001c1cf7e288aa0e001c1cf7e288aa0e001c1cf7e288aa0e001c1cf7e288aa0e
2026-05-17 22:33:16.909,VDI-POOL-03,svc-build,1,sshd,"sshd",explorer.exe,,,SHA256=0009045a882625a40009045a882625a40009045a882625a40009045a882625a4
2026-05-17 22:43:26.622,VDI-POOL-03,j.patel,1,python3,"python3",explorer.exe,,,SHA256=00031aed5c58aa9b00031aed5c58aa9b00031aed5c58aa9b00031aed5c58aa9b
2026-05-17 22:47:18.814,HR-LT19,m.sato,1,powershell.exe,"powershell.exe",explorer.exe,,,SHA256=000f39ad1e62c7f9000f39ad1e62c7f9000f39ad1e62c7f9000f39ad1e62c7f9
2026-05-17 22:50:54.764,VDI-POOL-03,svc_ediscovery,1,slack.exe,"slack.exe",cmd.exe,,,SHA256=0013cae2ec6394b50013cae2ec6394b50013cae2ec6394b50013cae2ec6394b5
2026-05-17 22:58:14.948,FIN-WS22,m.sato,1,chrome.exe,"chrome.exe",systemd,,,SHA256=000a871062d20684000a871062d20684000a871062d20684000a871062d20684
2026-05-17 23:04:58.903,HR-LT19,svc-build,1,powershell.exe,"powershell.exe",launchd,,,SHA256=000ce8dacb0996c2000ce8dacb0996c2000ce8dacb0996c2000ce8dacb0996c2
2026-05-17 23:12:34.343,VDI-POOL-03,j.patel,1,git,"git",explorer.exe,,,SHA256=00145c29e2f7d67900145c29e2f7d67900145c29e2f7d67900145c29e2f7d679
2026-05-17 23:18:35.049,VDI-POOL-03,svc-export,1,sshd,"sshd",explorer.exe,,,SHA256=000bdb847129cbff000bdb847129cbff000bdb847129cbff000bdb847129cbff
2026-05-17 23:29:07.825,FIN-WS22,m.sato,1,powershell.exe,"powershell.exe",explorer.exe,,,SHA256=0013d727b0f2d3a40013d727b0f2d3a40013d727b0f2d3a40013d727b0f2d3a4
2026-05-17 23:31:56.429,VDI-POOL-03,a.chen,1,node,"node",launchd,,,SHA256=0009430acaa3925a0009430acaa3925a0009430acaa3925a0009430acaa3925a
2026-05-17 23:38:36.273,HR-LT19,svc-export,1,sshd,"sshd",launchd,,,SHA256=00128f46e86c246b00128f46e86c246b00128f46e86c246b00128f46e86c246b
2026-05-17 23:47:07.981,build-agent-03,a.chen,1,outlook.exe,"outlook.exe",systemd,,,SHA256=0012b840ee74638f0012b840ee74638f0012b840ee74638f0012b840ee74638f
2026-05-17 23:53:39.514,ENG-FS03,a.chen,1,chrome.exe,"chrome.exe",launchd,,,SHA256=001ac0883ce5b705001ac0883ce5b705001ac0883ce5b705001ac0883ce5b705
2026-05-18 00:02:53.189,build-agent-03,svc_ediscovery,1,chrome.exe,"chrome.exe",launchd,,,SHA256=00133304dccaad8000133304dccaad8000133304dccaad8000133304dccaad80
2026-05-18 00:08:31.895,build-agent-03,svc-build,1,sshd,"sshd",explorer.exe,,,SHA256=001f13a59cc373fb001f13a59cc373fb001f13a59cc373fb001f13a59cc373fb
2026-05-18 00:19:33.350,HR-LT19,svc-export,1,sshd,"sshd",cmd.exe,,,SHA256=001958a0eba565d8001958a0eba565d8001958a0eba565d8001958a0eba565d8
2026-05-18 00:28:26.222,FIN-WS22,svc-build,1,outlook.exe,"outlook.exe",launchd,,,SHA256=000a8a41411941dd000a8a41411941dd000a8a41411941dd000a8a41411941dd
2026-05-18 00:38:10.035,VDI-POOL-02,m.sato,1,chrome.exe,"chrome.exe",cmd.exe,,,SHA256=0022736f09fa54e20022736f09fa54e20022736f09fa54e20022736f09fa54e2
2026-05-18 00:42:13.361,FIN-WS22,a.chen,1,node,"node",systemd,,,SHA256=001ff9031e37f648001ff9031e37f648001ff9031e37f648001ff9031e37f648
2026-05-18 00:51:42.097,FIN-WS22,svc-build,1,slack.exe,"slack.exe",cmd.exe,,,SHA256=000083286a9853a3000083286a9853a3000083286a9853a3000083286a9853a3
2026-05-18 01:02:20.435,VDI-POOL-02,j.patel,1,git,"git",systemd,,,SHA256=000b80c698169016000b80c698169016000b80c698169016000b80c698169016
2026-05-18 01:12:39.231,FIN-WS22,a.chen,1,git,"git",systemd,,,SHA256=001e3dfb33abf941001e3dfb33abf941001e3dfb33abf941001e3dfb33abf941
2026-05-18 01:20:16.178,VDI-POOL-02,r.owens,1,slack.exe,"slack.exe",launchd,,,SHA256=001053ceb0c956e6001053ceb0c956e6001053ceb0c956e6001053ceb0c956e6
2026-05-18 01:24:14.689,VDI-POOL-03,a.chen,1,slack.exe,"slack.exe",launchd,,,SHA256=0009f9b832a1738f0009f9b832a1738f0009f9b832a1738f0009f9b832a1738f
2026-05-18 01:30:07.609,ENG-FS03,svc-build,1,sshd,"sshd",launchd,,,SHA256=000070ab10f0bbce000070ab10f0bbce000070ab10f0bbce000070ab10f0bbce
2026-05-18 01:40:30.406,HR-LT19,r.owens,1,chrome.exe,"chrome.exe",launchd,,,SHA256=000cf6f9614a86f6000cf6f9614a86f6000cf6f9614a86f6000cf6f9614a86f6
2026-05-18 01:51:17.853,HR-LT19,j.patel,1,git,"git",launchd,,,SHA256=00087f071736175e00087f071736175e00087f071736175e00087f071736175e
2026-05-18 02:00:48.396,VDI-POOL-02,r.owens,1,python3,"python3",explorer.exe,,,SHA256=00033e1bb8cff18b00033e1bb8cff18b00033e1bb8cff18b00033e1bb8cff18b
2026-05-18 02:10:30.518,VDI-POOL-03,j.patel,1,outlook.exe,"outlook.exe",systemd,,,SHA256=0007ec2794e7a0d70007ec2794e7a0d70007ec2794e7a0d70007ec2794e7a0d7
2026-05-18 02:14:12.909,VDI-POOL-03,svc-export,1,slack.exe,"slack.exe",systemd,,,SHA256=0019a8aa2870ad6c0019a8aa2870ad6c0019a8aa2870ad6c0019a8aa2870ad6c
2026-05-18 02:18:51.697,VDI-POOL-03,svc_ediscovery,1,outlook.exe,"outlook.exe",launchd,,,SHA256=000a6a5ecf5f3aab000a6a5ecf5f3aab000a6a5ecf5f3aab000a6a5ecf5f3aab
2026-05-18 02:25:28.477,VDI-POOL-02,r.owens,1,sshd,"sshd",systemd,,,SHA256=001400a6d047ce5d001400a6d047ce5d001400a6d047ce5d001400a6d047ce5d
2026-05-18 02:29:56.266,VDI-POOL-02,r.owens,1,chrome.exe,"chrome.exe",cmd.exe,,,SHA256=000ffa2d01aff037000ffa2d01aff037000ffa2d01aff037000ffa2d01aff037
2026-05-18 02:39:09.575,FIN-WS22,a.chen,1,powershell.exe,"powershell.exe",explorer.exe,,,SHA256=0004b979e12ef6a10004b979e12ef6a10004b979e12ef6a10004b979e12ef6a1
2026-05-18 02:49:10.788,HR-LT19,svc_ediscovery,1,chrome.exe,"chrome.exe",cmd.exe,,,SHA256=00201070f11a40be00201070f11a40be00201070f11a40be00201070f11a40be
2026-05-18 02:51:58.278,VDI-POOL-02,svc_ediscovery,1,slack.exe,"slack.exe",launchd,,,SHA256=0022a00d881d9f1c0022a00d881d9f1c0022a00d881d9f1c0022a00d881d9f1c
2026-05-18 03:02:20.948,build-agent-03,r.owens,1,node,"node",launchd,,,SHA256=0002fb6b85ab93a70002fb6b85ab93a70002fb6b85ab93a70002fb6b85ab93a7
2026-05-18 03:07:56.899,build-agent-03,svc_ediscovery,1,node,"node",explorer.exe,,,SHA256=0014c55932a8aea80014c55932a8aea80014c55932a8aea80014c55932a8aea8
2026-05-18 03:17:57.082,VDI-POOL-03,r.owens,1,slack.exe,"slack.exe",launchd,,,SHA256=001a724a80ac71f9001a724a80ac71f9001a724a80ac71f9001a724a80ac71f9
2026-05-18 03:24:43.226,VDI-POOL-02,m.sato,1,outlook.exe,"outlook.exe",cmd.exe,,,SHA256=0007299d32c41cb60007299d32c41cb60007299d32c41cb60007299d32c41cb6
2026-05-18 03:35:06.967,ENG-FS03,r.owens,1,slack.exe,"slack.exe",launchd,,,SHA256=002330782ecf6116002330782ecf6116002330782ecf6116002330782ecf6116
2026-05-18 03:38:46.607,HR-LT19,j.patel,1,sshd,"sshd",explorer.exe,,,SHA256=000f6c860e2e9b28000f6c860e2e9b28000f6c860e2e9b28000f6c860e2e9b28
2026-05-18 03:45:30.689,ENG-FS03,svc_ediscovery,1,python3,"python3",cmd.exe,,,SHA256=000d4fdbb2f77ab5000d4fdbb2f77ab5000d4fdbb2f77ab5000d4fdbb2f77ab5
2026-05-18 03:51:03.735,HR-LT19,svc_ediscovery,1,sshd,"sshd",explorer.exe,,,SHA256=002244ff47c8836e002244ff47c8836e002244ff47c8836e002244ff47c8836e
2026-05-18 03:59:28.011,HR-LT19,svc_ediscovery,1,python3,"python3",explorer.exe,,,SHA256=000e14a5deeb1e24000e14a5deeb1e24000e14a5deeb1e24000e14a5deeb1e24
2026-05-18 04:04:03.645,FIN-WS22,m.sato,1,node,"node",cmd.exe,,,SHA256=001cda4951f382dc001cda4951f382dc001cda4951f382dc001cda4951f382dc
2026-05-18 04:08:34.301,FIN-WS22,m.sato,1,chrome.exe,"chrome.exe",systemd,,,SHA256=0000d0e6560c56bd0000d0e6560c56bd0000d0e6560c56bd0000d0e6560c56bd
2026-05-18 04:15:52.020,ENG-FS03,m.sato,1,slack.exe,"slack.exe",launchd,,,SHA256=001f9c5f23cdc254001f9c5f23cdc254001f9c5f23cdc254001f9c5f23cdc254
2026-05-18 04:20:36.689,VDI-POOL-03,r.owens,1,git,"git",cmd.exe,,,SHA256=00034230feedd3a900034230feedd3a900034230feedd3a900034230feedd3a9
2026-05-18 04:26:35.567,FIN-WS22,j.patel,1,python3,"python3",explorer.exe,,,SHA256=001dd5fc29818513001dd5fc29818513001dd5fc29818513001dd5fc29818513
2026-05-18 04:35:47.778,HR-LT19,j.patel,1,git,"git",cmd.exe,,,SHA256=0018dcef4bed8cd30018dcef4bed8cd30018dcef4bed8cd30018dcef4bed8cd3
2026-05-18 04:41:47.814,VDI-POOL-03,a.chen,1,git,"git",launchd,,,SHA256=000d915bbf647ad5000d915bbf647ad5000d915bbf647ad5000d915bbf647ad5
2026-05-18 04:47:49.813,VDI-POOL-03,m.sato,1,sshd,"sshd",explorer.exe,,,SHA256=0021886268c7712e0021886268c7712e0021886268c7712e0021886268c7712e
2026-05-18 04:58:28.330,ENG-FS03,svc-export,1,git,"git",launchd,,,SHA256=001762537743412f001762537743412f001762537743412f001762537743412f
2026-05-18 05:06:27.887,VDI-POOL-02,a.chen,1,sshd,"sshd",explorer.exe,,,SHA256=0015ea9f9978ba290015ea9f9978ba290015ea9f9978ba290015ea9f9978ba29
2026-05-18 05:09:27.988,build-agent-03,svc-build,1,sshd,"sshd",systemd,,,SHA256=000b03339364d02c000b03339364d02c000b03339364d02c000b03339364d02c
2026-05-18 05:15:46.345,HR-LT19,j.patel,1,slack.exe,"slack.exe",launchd,,,SHA256=0019b0b56379c0710019b0b56379c0710019b0b56379c0710019b0b56379c071
2026-05-18 05:27:03.496,ENG-FS03,m.sato,1,git,"git",systemd,,,SHA256=000997940a14ce28000997940a14ce28000997940a14ce28000997940a14ce28
2026-05-18 05:37:28.200,build-agent-03,r.owens,1,node,"node",systemd,,,SHA256=0020a7d726056de80020a7d726056de80020a7d726056de80020a7d726056de8
2026-05-18 05:41:45.087,VDI-POOL-02,svc-build,1,outlook.exe,"outlook.exe",cmd.exe,,,SHA256=0011f295781506eb0011f295781506eb0011f295781506eb0011f295781506eb
2026-05-18 05:53:12.996,ENG-FS03,m.sato,1,chrome.exe,"chrome.exe",systemd,,,SHA256=000895bce01da8e3000895bce01da8e3000895bce01da8e3000895bce01da8e3
2026-05-18 05:58:11.841,build-agent-03,r.owens,1,python3,"python3",explorer.exe,,,SHA256=0006e25e3d6282080006e25e3d6282080006e25e3d6282080006e25e3d628208
2026-05-18 06:04:54.150,FIN-WS22,a.chen,1,chrome.exe,"chrome.exe",launchd,,,SHA256=0019ef8070a554aa0019ef8070a554aa0019ef8070a554aa0019ef8070a554aa
2026-05-18 06:07:29.764,FIN-WS22,a.chen,1,python3,"python3",systemd,,,SHA256=00028a08eeddf47600028a08eeddf47600028a08eeddf47600028a08eeddf476
2026-05-18 06:15:32.486,ENG-FS03,a.chen,1,powershell.exe,"powershell.exe",systemd,,,SHA256=001c95ae8c0bc32b001c95ae8c0bc32b001c95ae8c0bc32b001c95ae8c0bc32b
2026-05-18 06:25:58.369,VDI-POOL-03,j.patel,1,outlook.exe,"outlook.exe",launchd,,,SHA256=00211239b492896e00211239b492896e00211239b492896e00211239b492896e
2026-05-18 06:31:28.237,VDI-POOL-02,svc-build,1,outlook.exe,"outlook.exe",launchd,,,SHA256=001211238658b400001211238658b400001211238658b400001211238658b400
2026-05-18 06:38:52.122,VDI-POOL-02,j.patel,1,sshd,"sshd",systemd,,,SHA256=001211e0464e3e87001211e0464e3e87001211e0464e3e87001211e0464e3e87
2026-05-18 06:50:09.457,HR-LT19,j.patel,1,powershell.exe,"powershell.exe",explorer.exe,,,SHA256=0022982736303ca20022982736303ca20022982736303ca20022982736303ca2
2026-05-18 06:57:13.738,build-agent-03,svc-export,1,git,"git",launchd,,,SHA256=0008b0eec1f84f0e0008b0eec1f84f0e0008b0eec1f84f0e0008b0eec1f84f0e
2026-05-18 07:04:00.400,FIN-WS22,svc-export,1,outlook.exe,"outlook.exe",launchd,,,SHA256=00198fe88c6a35ee00198fe88c6a35ee00198fe88c6a35ee00198fe88c6a35ee
2026-05-18 07:09:36.965,VDI-POOL-03,r.owens,1,chrome.exe,"chrome.exe",explorer.exe,,,SHA256=00170349cb216aa900170349cb216aa900170349cb216aa900170349cb216aa9
2026-05-18 07:13:09.037,HR-LT19,m.sato,1,slack.exe,"slack.exe",explorer.exe,,,SHA256=0016debc05920ad80016debc05920ad80016debc05920ad80016debc05920ad8
2026-05-18 07:16:07.076,build-agent-03,svc_ediscovery,1,python3,"python3",explorer.exe,,,SHA256=0008f60ab65db32d0008f60ab65db32d0008f60ab65db32d0008f60ab65db32d
2026-05-18 07:25:18.530,VDI-POOL-03,svc-build,1,git,"git",launchd,,,SHA256=001cfbc60db7046d001cfbc60db7046d001cfbc60db7046d001cfbc60db7046d
2026-05-18 07:31:27.950,VDI-POOL-02,svc_ediscovery,1,outlook.exe,"outlook.exe",cmd.exe,,,SHA256=000e3099721bbdbe000e3099721bbdbe000e3099721bbdbe000e3099721bbdbe
2026-05-18 07:37:23.071,FIN-WS22,j.patel,1,slack.exe,"slack.exe",explorer.exe,,,SHA256=000f4cfb44016f0c000f4cfb44016f0c000f4cfb44016f0c000f4cfb44016f0c
2026-05-18 07:43:55.226,ENG-FS03,a.chen,1,outlook.exe,"outlook.exe",systemd,,,SHA256=000bafd49f0a1328000bafd49f0a1328000bafd49f0a1328000bafd49f0a1328
2026-05-18 07:50:34.162,FIN-WS22,m.sato,1,sshd,"sshd",launchd,,,SHA256=0012f2bfea6534e70012f2bfea6534e70012f2bfea6534e70012f2bfea6534e7
2026-05-18 07:56:55.654,ENG-FS03,j.patel,1,chrome.exe,"chrome.exe",explorer.exe,,,SHA256=000b287b4dedeb7b000b287b4dedeb7b000b287b4dedeb7b000b287b4dedeb7b
2026-05-18 08:01:19.003,HR-LT19,svc-export,1,node,"node",cmd.exe,,,SHA256=000d43a67bf1c9b6000d43a67bf1c9b6000d43a67bf1c9b6000d43a67bf1c9b6
2026-05-18 08:11:23.380,VDI-POOL-03,j.patel,1,slack.exe,"slack.exe",launchd,,,SHA256=001d4f5f5c2020ec001d4f5f5c2020ec001d4f5f5c2020ec001d4f5f5c2020ec
2026-05-18 08:21:38.298,FIN-WS22,j.patel,1,node,"node",cmd.exe,,,SHA256=0011b55f9ac583bc0011b55f9ac583bc0011b55f9ac583bc0011b55f9ac583bc
2026-05-18 08:27:44.536,HR-LT19,svc-build,1,sshd,"sshd",cmd.exe,,,SHA256=0021efd8902495ea0021efd8902495ea0021efd8902495ea0021efd8902495ea
2026-05-18 08:36:46.409,VDI-POOL-03,svc-build,1,sshd,"sshd",explorer.exe,,,SHA256=0021a3fd38c1bdfe0021a3fd38c1bdfe0021a3fd38c1bdfe0021a3fd38c1bdfe
2026-05-18 08:39:52.124,ENG-FS03,r.owens,1,powershell.exe,"powershell.exe",launchd,,,SHA256=0015219fa3818a7d0015219fa3818a7d0015219fa3818a7d0015219fa3818a7d
2026-05-18 08:45:22.403,build-agent-03,a.chen,1,sshd,"sshd",systemd,,,SHA256=00054080e5de5fc100054080e5de5fc100054080e5de5fc100054080e5de5fc1
2026-05-18 08:52:13.813,VDI-POOL-02,j.patel,1,slack.exe,"slack.exe",launchd,,,SHA256=0003048a35a19ce40003048a35a19ce40003048a35a19ce40003048a35a19ce4
2026-05-18 08:55:56.194,HR-LT19,m.sato,1,outlook.exe,"outlook.exe",cmd.exe,,,SHA256=000dd169caeba543000dd169caeba543000dd169caeba543000dd169caeba543
2026-05-18 09:02:25.892,ENG-FS03,svc-build,1,python3,"python3",systemd,,,SHA256=000c08e32d447171000c08e32d447171000c08e32d447171000c08e32d447171
2026-05-18 09:09:19.553,VDI-POOL-02,r.owens,1,outlook.exe,"outlook.exe",launchd,,,SHA256=0022240689a845be0022240689a845be0022240689a845be0022240689a845be
2026-05-18 09:13:47.242,build-agent-03,m.sato,1,sshd,"sshd",cmd.exe,,,SHA256=001783290b6c3d9f001783290b6c3d9f001783290b6c3d9f001783290b6c3d9f
2026-05-18 09:24:47.447,build-agent-03,a.chen,1,python3,"python3",explorer.exe,,,SHA256=000c04ed4d2a5298000c04ed4d2a5298000c04ed4d2a5298000c04ed4d2a5298
2026-05-18 09:35:17.826,HR-LT19,a.chen,1,slack.exe,"slack.exe",systemd,,,SHA256=001aea3e3c6fb274001aea3e3c6fb274001aea3e3c6fb274001aea3e3c6fb274
2026-05-18 09:38:00.738,ENG-FS03,m.sato,1,git,"git",explorer.exe,,,SHA256=00002e4248ac6bec00002e4248ac6bec00002e4248ac6bec00002e4248ac6bec
2026-05-18 09:40:46.805,ENG-FS03,svc-build,1,chrome.exe,"chrome.exe",cmd.exe,,,SHA256=0017268462fb021c0017268462fb021c0017268462fb021c0017268462fb021c
2026-05-18 09:43:16.940,VDI-POOL-02,a.chen,1,slack.exe,"slack.exe",launchd,,,SHA256=001bee4c9f3f2641001bee4c9f3f2641001bee4c9f3f2641001bee4c9f3f2641
2026-05-18 09:48:46.037,VDI-POOL-02,svc-build,1,node,"node",cmd.exe,,,SHA256=001271abb2c2fcc3001271abb2c2fcc3001271abb2c2fcc3001271abb2c2fcc3
2026-05-18 09:55:01.322,VDI-POOL-02,a.chen,1,powershell.exe,"powershell.exe",cmd.exe,,,SHA256=001c27a22660bd7f001c27a22660bd7f001c27a22660bd7f001c27a22660bd7f
2026-05-18 09:58:05.303,ENG-FS03,m.sato,1,sshd,"sshd",launchd,,,SHA256=00171ad72d1b80b500171ad72d1b80b500171ad72d1b80b500171ad72d1b80b5
2026-05-18 10:03:26.298,VDI-POOL-02,svc-export,1,slack.exe,"slack.exe",explorer.exe,,,SHA256=000c122552697138000c122552697138000c122552697138000c122552697138
2026-05-18 10:09:56.279,build-agent-03,a.chen,1,chrome.exe,"chrome.exe",explorer.exe,,,SHA256=0001568e4e10b9b30001568e4e10b9b30001568e4e10b9b30001568e4e10b9b3
2026-05-18 10:16:12.659,build-agent-03,svc-export,1,node,"node",launchd,,,SHA256=001001ceec582619001001ceec582619001001ceec582619001001ceec582619
2026-05-18 10:21:32.852,FIN-WS22,j.patel,1,powershell.exe,"powershell.exe",launchd,,,SHA256=000b5b44d29aeb97000b5b44d29aeb97000b5b44d29aeb97000b5b44d29aeb97
2026-05-18 10:30:41.815,HR-LT19,svc-build,1,git,"git",cmd.exe,,,SHA256=001c5df817ce28ac001c5df817ce28ac001c5df817ce28ac001c5df817ce28ac
2026-05-18 10:39:26.026,VDI-POOL-02,svc-build,1,outlook.exe,"outlook.exe",cmd.exe,,,SHA256=0002542841dec42a0002542841dec42a0002542841dec42a0002542841dec42a
2026-05-18 10:45:13.867,VDI-POOL-03,j.patel,1,outlook.exe,"outlook.exe",systemd,,,SHA256=000740be7cb62d51000740be7cb62d51000740be7cb62d51000740be7cb62d51
2026-05-18 10:48:32.293,FIN-WS22,j.patel,1,slack.exe,"slack.exe",systemd,,,SHA256=00168fb73680704300168fb73680704300168fb73680704300168fb736807043
2026-05-18 10:54:41.928,VDI-POOL-02,a.chen,1,outlook.exe,"outlook.exe",explorer.exe,,,SHA256=00018301b4bfe97d00018301b4bfe97d00018301b4bfe97d00018301b4bfe97d
2026-05-18 11:03:24.951,VDI-POOL-03,m.sato,1,outlook.exe,"outlook.exe",explorer.exe,,,SHA256=000378c55c12f023000378c55c12f023000378c55c12f023000378c55c12f023
2026-05-18 11:08:38.752,VDI-POOL-02,svc-build,1,chrome.exe,"chrome.exe",cmd.exe,,,SHA256=00060ecaeb7ee23400060ecaeb7ee23400060ecaeb7ee23400060ecaeb7ee234
2026-05-18 11:17:58.496,VDI-POOL-03,a.chen,1,chrome.exe,"chrome.exe",explorer.exe,,,SHA256=00219eb3148e670e00219eb3148e670e00219eb3148e670e00219eb3148e670e
2026-05-18 11:20:47.350,ENG-FS03,m.sato,1,chrome.exe,"chrome.exe",systemd,,,SHA256=0008537446424bc40008537446424bc40008537446424bc40008537446424bc4
2026-05-18 11:31:06.820,VDI-POOL-03,m.sato,1,sshd,"sshd",cmd.exe,,,SHA256=0014e76173af622d0014e76173af622d0014e76173af622d0014e76173af622d
2026-05-18 11:41:52.898,FIN-WS22,j.patel,1,python3,"python3",systemd,,,SHA256=001094a3f95916c2001094a3f95916c2001094a3f95916c2001094a3f95916c2
2026-05-18 11:51:56.588,ENG-FS03,m.sato,1,powershell.exe,"powershell.exe",cmd.exe,,,SHA256=001e389b199452a1001e389b199452a1001e389b199452a1001e389b199452a1
2026-05-18 11:54:28.862,build-agent-03,svc-export,1,slack.exe,"slack.exe",launchd,,,SHA256=000bcab54b698648000bcab54b698648000bcab54b698648000bcab54b698648
2026-05-18 12:01:07.788,VDI-POOL-02,a.chen,1,sshd,"sshd",explorer.exe,,,SHA256=0022d437a396b6ea0022d437a396b6ea0022d437a396b6ea0022d437a396b6ea
2026-05-18 12:06:15.907,FIN-WS22,m.sato,1,chrome.exe,"chrome.exe",systemd,,,SHA256=00165d8771baeb6e00165d8771baeb6e00165d8771baeb6e00165d8771baeb6e
2026-05-18 12:12:14.068,VDI-POOL-02,svc-build,1,outlook.exe,"outlook.exe",cmd.exe,,,SHA256=001f32b3170baf78001f32b3170baf78001f32b3170baf78001f32b3170baf78
2026-05-18 12:17:07.753,ENG-FS03,m.sato,1,chrome.exe,"chrome.exe",launchd,,,SHA256=00208324afb2620800208324afb2620800208324afb2620800208324afb26208
2026-05-18 12:26:46.100,VDI-POOL-03,svc-export,1,sshd,"sshd",cmd.exe,,,SHA256=00136cdb5f9efa9100136cdb5f9efa9100136cdb5f9efa9100136cdb5f9efa91
2026-05-18 12:33:23.796,VDI-POOL-02,r.owens,1,node,"node",launchd,,,SHA256=000c5c97bbc3aaa0000c5c97bbc3aaa0000c5c97bbc3aaa0000c5c97bbc3aaa0
2026-05-18 12:42:01.844,build-agent-03,m.sato,1,node,"node",launchd,,,SHA256=00232af0e23e936600232af0e23e936600232af0e23e936600232af0e23e9366
2026-05-18 12:45:03.921,FIN-WS22,j.patel,1,git,"git",cmd.exe,,,SHA256=000b8789aa7d7db6000b8789aa7d7db6000b8789aa7d7db6000b8789aa7d7db6
2026-05-18 12:55:38.199,FIN-WS22,svc_ediscovery,1,slack.exe,"slack.exe",explorer.exe,,,SHA256=00019df68471706e00019df68471706e00019df68471706e00019df68471706e
2026-05-18 13:05:06.551,build-agent-03,r.owens,1,chrome.exe,"chrome.exe",systemd,,,SHA256=00120c5e2e01f43500120c5e2e01f43500120c5e2e01f43500120c5e2e01f435
2026-05-18 13:09:59.164,HR-LT19,a.chen,1,outlook.exe,"outlook.exe",systemd,,,SHA256=001f90649dfc1d0c001f90649dfc1d0c001f90649dfc1d0c001f90649dfc1d0c
2026-05-18 13:16:26.632,FIN-WS22,a.chen,1,python3,"python3",systemd,,,SHA256=0003fd314f3fe1370003fd314f3fe1370003fd314f3fe1370003fd314f3fe137
2026-05-18 13:22:46.242,HR-LT19,j.patel,1,git,"git",launchd,,,SHA256=00069ae2a3332a5f00069ae2a3332a5f00069ae2a3332a5f00069ae2a3332a5f
2026-05-18 13:26:15.836,VDI-POOL-03,r.owens,1,git,"git",explorer.exe,,,SHA256=00138caf662238fc00138caf662238fc00138caf662238fc00138caf662238fc
2026-05-18 13:30:57.463,HR-LT19,svc_ediscovery,1,outlook.exe,"outlook.exe",systemd,,,SHA256=000502538f58b366000502538f58b366000502538f58b366000502538f58b366
2026-05-18 13:39:02.931,build-agent-03,m.sato,1,outlook.exe,"outlook.exe",cmd.exe,,,SHA256=001ca2c08315e126001ca2c08315e126001ca2c08315e126001ca2c08315e126
2026-05-18 13:49:32.017,build-agent-03,j.patel,1,sshd,"sshd",cmd.exe,,,SHA256=002042e747fa7058002042e747fa7058002042e747fa7058002042e747fa7058
2026-05-18 13:59:37.858,FIN-WS22,r.owens,1,sshd,"sshd",explorer.exe,,,SHA256=0004f685228d86380004f685228d86380004f685228d86380004f685228d8638
2026-05-18 14:10:38.107,VDI-POOL-03,m.sato,1,python3,"python3",systemd,,,SHA256=000413ea5cfc1540000413ea5cfc1540000413ea5cfc1540000413ea5cfc1540
2026-05-18 14:14:18.709,HR-LT19,svc_ediscovery,1,powershell.exe,"powershell.exe",systemd,,,SHA256=0022fe09048552500022fe09048552500022fe09048552500022fe0904855250
2026-05-18 14:18:32.274,VDI-POOL-03,a.chen,1,powershell.exe,"powershell.exe",systemd,,,SHA256=0010dd2acb4ff7de0010dd2acb4ff7de0010dd2acb4ff7de0010dd2acb4ff7de
2026-05-18 14:27:06.393,VDI-POOL-03,a.chen,1,outlook.exe,"outlook.exe",cmd.exe,,,SHA256=000543116f33a123000543116f33a123000543116f33a123000543116f33a123
2026-05-18 14:37:19.054,VDI-POOL-03,a.chen,1,sshd,"sshd",launchd,,,SHA256=0019c3e5aab638bc0019c3e5aab638bc0019c3e5aab638bc0019c3e5aab638bc
2026-05-18 14:46:47.437,VDI-POOL-02,svc-build,1,git,"git",launchd,,,SHA256=0017bfd3f5300d380017bfd3f5300d380017bfd3f5300d380017bfd3f5300d38
2026-05-18 14:53:50.461,ENG-FS03,m.sato,1,outlook.exe,"outlook.exe",launchd,,,SHA256=000d55044d41eb8d000d55044d41eb8d000d55044d41eb8d000d55044d41eb8d
2026-05-18 14:58:30.965,VDI-POOL-02,m.sato,1,slack.exe,"slack.exe",cmd.exe,,,SHA256=0021b82645fe72680021b82645fe72680021b82645fe72680021b82645fe7268
2026-05-18 15:09:05.415,FIN-WS22,m.sato,1,node,"node",systemd,,,SHA256=002366b6ff23facc002366b6ff23facc002366b6ff23facc002366b6ff23facc
2026-05-18 15:15:21.540,VDI-POOL-03,svc-build,1,python3,"python3",systemd,,,SHA256=00009f1bf7adc19300009f1bf7adc19300009f1bf7adc19300009f1bf7adc193
2026-05-18 15:21:39.857,VDI-POOL-02,svc_ediscovery,1,sshd,"sshd",launchd,,,SHA256=00018787ddf8c29400018787ddf8c29400018787ddf8c29400018787ddf8c294
2026-05-18 15:29:15.175,ENG-FS03,j.patel,1,node,"node",launchd,,,SHA256=0000e7d68270c1a50000e7d68270c1a50000e7d68270c1a50000e7d68270c1a5
2026-05-18 15:40:38.916,ENG-FS03,svc_ediscovery,1,outlook.exe,"outlook.exe",cmd.exe,,,SHA256=000f6e4ea4209ebc000f6e4ea4209ebc000f6e4ea4209ebc000f6e4ea4209ebc
2026-05-18 15:48:21.437,FIN-WS22,a.chen,1,slack.exe,"slack.exe",explorer.exe,,,SHA256=000c5c57efd419cb000c5c57efd419cb000c5c57efd419cb000c5c57efd419cb
2026-05-18 15:54:53.122,ENG-FS03,svc-build,1,outlook.exe,"outlook.exe",systemd,,,SHA256=000da64b1f20e835000da64b1f20e835000da64b1f20e835000da64b1f20e835
2026-05-18 16:00:00.201,FIN-WS22,m.sato,1,slack.exe,"slack.exe",launchd,,,SHA256=001f96ad657c40f1001f96ad657c40f1001f96ad657c40f1001f96ad657c40f1
2026-05-18 16:11:01.279,VDI-POOL-02,svc_ediscovery,1,powershell.exe,"powershell.exe",launchd,,,SHA256=0007889812431da70007889812431da70007889812431da70007889812431da7
2026-05-18 16:20:57.238,VDI-POOL-02,svc_ediscovery,1,powershell.exe,"powershell.exe",launchd,,,SHA256=00103c3557262e7e00103c3557262e7e00103c3557262e7e00103c3557262e7e
2026-05-18 16:30:33.248,build-agent-03,svc-build,1,powershell.exe,"powershell.exe",explorer.exe,,,SHA256=0004403b621933480004403b621933480004403b621933480004403b62193348
2026-05-18 16:39:48.436,FIN-WS22,svc-build,1,slack.exe,"slack.exe",cmd.exe,,,SHA256=000b233c41ade851000b233c41ade851000b233c41ade851000b233c41ade851
2026-05-18 16:48:26.496,VDI-POOL-03,svc-build,1,sshd,"sshd",explorer.exe,,,SHA256=0005f8df286345fe0005f8df286345fe0005f8df286345fe0005f8df286345fe
2026-05-18 16:50:58.088,VDI-POOL-03,a.chen,1,slack.exe,"slack.exe",explorer.exe,,,SHA256=00094d1f627749fd00094d1f627749fd00094d1f627749fd00094d1f627749fd
2026-05-18 16:57:40.916,VDI-POOL-03,m.sato,1,slack.exe,"slack.exe",systemd,,,SHA256=00215fac3ef62db800215fac3ef62db800215fac3ef62db800215fac3ef62db8
2026-05-18 17:07:42.298,VDI-POOL-02,j.patel,1,python3,"python3",systemd,,,SHA256=001f3580d41fa143001f3580d41fa143001f3580d41fa143001f3580d41fa143
2026-05-18 17:16:37.021,VDI-POOL-03,m.sato,1,powershell.exe,"powershell.exe",explorer.exe,,,SHA256=0015eaa41cefab080015eaa41cefab080015eaa41cefab080015eaa41cefab08
2026-05-18 17:21:24.184,FIN-WS22,r.owens,1,sshd,"sshd",explorer.exe,,,SHA256=001aab282b75fbcf001aab282b75fbcf001aab282b75fbcf001aab282b75fbcf
2026-05-18 17:30:33.265,ENG-FS03,svc-export,1,chrome.exe,"chrome.exe",launchd,,,SHA256=0010abbb79852c030010abbb79852c030010abbb79852c030010abbb79852c03
2026-05-18 17:39:13.188,ENG-FS03,r.owens,1,node,"node",systemd,,,SHA256=001d68af55ff4236001d68af55ff4236001d68af55ff4236001d68af55ff4236
2026-05-18 17:50:38.857,HR-LT19,j.patel,1,chrome.exe,"chrome.exe",systemd,,,SHA256=0022864aab0c645a0022864aab0c645a0022864aab0c645a0022864aab0c645a
2026-05-18 18:00:56.425,HR-LT19,m.sato,1,chrome.exe,"chrome.exe",launchd,,,SHA256=0008c253de1f7c2e0008c253de1f7c2e0008c253de1f7c2e0008c253de1f7c2e
2026-05-18 18:10:49.057,FIN-WS22,a.chen,1,git,"git",explorer.exe,,,SHA256=0001c89bfdaa34bb0001c89bfdaa34bb0001c89bfdaa34bb0001c89bfdaa34bb
2026-05-18 18:14:55.608,VDI-POOL-02,r.owens,1,node,"node",launchd,,,SHA256=00087e4f4d11da0e00087e4f4d11da0e00087e4f4d11da0e00087e4f4d11da0e
2026-05-18 18:17:50.565,ENG-FS03,m.sato,1,powershell.exe,"powershell.exe",systemd,,,SHA256=00066a60aa3f9d6400066a60aa3f9d6400066a60aa3f9d6400066a60aa3f9d64
2026-05-18 18:28:38.748,VDI-POOL-02,svc_ediscovery,1,node,"node",systemd,,,SHA256=0022f08806a95f860022f08806a95f860022f08806a95f860022f08806a95f86
2026-05-18 18:39:35.261,ENG-FS03,svc-build,1,chrome.exe,"chrome.exe",cmd.exe,,,SHA256=000bbb3629bdb809000bbb3629bdb809000bbb3629bdb809000bbb3629bdb809
2026-05-18 18:44:21.430,FIN-WS22,m.sato,1,python3,"python3",launchd,,,SHA256=0011fae310dc4ba20011fae310dc4ba20011fae310dc4ba20011fae310dc4ba2
2026-05-18 18:50:41.155,FIN-WS22,a.chen,1,python3,"python3",cmd.exe,,,SHA256=00229760f02df4e600229760f02df4e600229760f02df4e600229760f02df4e6
2026-05-18 19:00:08.087,VDI-POOL-02,svc-export,1,git,"git",systemd,,,SHA256=00235972160899fc00235972160899fc00235972160899fc00235972160899fc
2026-05-18 19:08:50.030,FIN-WS22,r.owens,1,sshd,"sshd",cmd.exe,,,SHA256=0017bf4462fa17270017bf4462fa17270017bf4462fa17270017bf4462fa1727
2026-05-18 19:11:29.329,VDI-POOL-02,r.owens,1,sshd,"sshd",explorer.exe,,,SHA256=0004c0f153b4393f0004c0f153b4393f0004c0f153b4393f0004c0f153b4393f
2026-05-18 19:18:11.911,VDI-POOL-02,j.patel,1,node,"node",launchd,,,SHA256=0020d7d91095ac760020d7d91095ac760020d7d91095ac760020d7d91095ac76
2026-05-18 19:23:27.015,build-agent-03,svc_ediscovery,1,chrome.exe,"chrome.exe",systemd,,,SHA256=000b35dbc5f2d2e4000b35dbc5f2d2e4000b35dbc5f2d2e4000b35dbc5f2d2e4
2026-05-18 19:32:17.094,HR-LT19,svc-build,1,chrome.exe,"chrome.exe",systemd,,,SHA256=000c82071476fbe3000c82071476fbe3000c82071476fbe3000c82071476fbe3
2026-05-18 19:41:04.363,build-agent-03,svc_ediscovery,1,python3,"python3",cmd.exe,,,SHA256=001e0bb2cc474026001e0bb2cc474026001e0bb2cc474026001e0bb2cc474026
2026-05-18 19:46:57.100,build-agent-03,r.owens,1,powershell.exe,"powershell.exe",explorer.exe,,,SHA256=000b755b1426a7fa000b755b1426a7fa000b755b1426a7fa000b755b1426a7fa
2026-05-18 19:49:54.029,VDI-POOL-03,svc-build,1,chrome.exe,"chrome.exe",launchd,,,SHA256=00118c8a3185084700118c8a3185084700118c8a3185084700118c8a31850847
2026-05-18 19:58:06.555,build-agent-03,j.patel,1,python3,"python3",systemd,,,SHA256=00163a9da8f1802100163a9da8f1802100163a9da8f1802100163a9da8f18021
2026-05-18 20:04:02.718,VDI-POOL-03,a.chen,1,node,"node",cmd.exe,,,SHA256=000022a985808408000022a985808408000022a985808408000022a985808408
2026-05-18 20:11:58.600,FIN-WS22,svc-build,1,slack.exe,"slack.exe",launchd,,,SHA256=001e859bcc9d3d31001e859bcc9d3d31001e859bcc9d3d31001e859bcc9d3d31
2026-05-18 20:15:06.494,VDI-POOL-02,a.chen,1,outlook.exe,"outlook.exe",explorer.exe,,,SHA256=000ee97ef1d28264000ee97ef1d28264000ee97ef1d28264000ee97ef1d28264
2026-05-18 20:21:37.089,HR-LT19,svc-build,1,sshd,"sshd",explorer.exe,,,SHA256=0012ef63711a25570012ef63711a25570012ef63711a25570012ef63711a2557
2026-05-18 20:29:16.605,VDI-POOL-03,j.patel,1,outlook.exe,"outlook.exe",systemd,,,SHA256=000c1d7d5d2b8a8f000c1d7d5d2b8a8f000c1d7d5d2b8a8f000c1d7d5d2b8a8f
2026-05-18 20:36:49.429,HR-LT19,r.owens,1,node,"node",launchd,,,SHA256=00047279f4e4d32b00047279f4e4d32b00047279f4e4d32b00047279f4e4d32b
2026-05-18 20:45:31.245,VDI-POOL-03,m.sato,1,powershell.exe,"powershell.exe",explorer.exe,,,SHA256=001066f87b68172e001066f87b68172e001066f87b68172e001066f87b68172e
2026-05-18 20:48:14.557,ENG-FS03,j.patel,1,slack.exe,"slack.exe",systemd,,,SHA256=0014499292f69c110014499292f69c110014499292f69c110014499292f69c11
2026-05-18 20:55:54.313,HR-LT19,j.patel,1,outlook.exe,"outlook.exe",systemd,,,SHA256=000037138a6f66d6000037138a6f66d6000037138a6f66d6000037138a6f66d6
2026-05-18 21:04:01.183,FIN-WS22,svc-build,1,git,"git",cmd.exe,,,SHA256=0020c0ec689551ce0020c0ec689551ce0020c0ec689551ce0020c0ec689551ce
2026-05-18 21:06:37.844,HR-LT19,svc_ediscovery,1,slack.exe,"slack.exe",cmd.exe,,,SHA256=0020a6efa035bdc80020a6efa035bdc80020a6efa035bdc80020a6efa035bdc8
2026-05-18 21:10:02.017,VDI-POOL-02,r.owens,1,chrome.exe,"chrome.exe",cmd.exe,,,SHA256=000595eae5c95b6d000595eae5c95b6d000595eae5c95b6d000595eae5c95b6d
2026-05-18 21:18:30.419,build-agent-03,a.chen,1,chrome.exe,"chrome.exe",cmd.exe,,,SHA256=0020b7ddc2c834ee0020b7ddc2c834ee0020b7ddc2c834ee0020b7ddc2c834ee
2026-05-18 21:25:10.376,HR-LT19,svc-build,1,outlook.exe,"outlook.exe",cmd.exe,,,SHA256=000da3b22b686152000da3b22b686152000da3b22b686152000da3b22b686152
2026-05-18 21:30:09.489,build-agent-03,svc-build,1,powershell.exe,"powershell.exe",launchd,,,SHA256=001be6c0d464720f001be6c0d464720f001be6c0d464720f001be6c0d464720f
2026-05-18 21:36:56.142,HR-LT19,j.patel,1,git,"git",launchd,,,SHA256=002045b9f78b089e002045b9f78b089e002045b9f78b089e002045b9f78b089e
2026-05-18 21:40:21.153,ENG-FS03,svc_ediscovery,1,powershell.exe,"powershell.exe",launchd,,,SHA256=0010043bb61be5580010043bb61be5580010043bb61be5580010043bb61be558
2026-05-18 21:48:58.691,FIN-WS22,svc_ediscovery,1,git,"git",systemd,,,SHA256=00207d8a965079c400207d8a965079c400207d8a965079c400207d8a965079c4
2026-05-18 22:00:26.588,VDI-POOL-02,r.owens,1,powershell.exe,"powershell.exe",systemd,,,SHA256=001d48caf51c680f001d48caf51c680f001d48caf51c680f001d48caf51c680f
2026-05-18 22:08:05.052,HR-LT19,svc_ediscovery,1,chrome.exe,"chrome.exe",launchd,,,SHA256=001a080fafa6ae6b001a080fafa6ae6b001a080fafa6ae6b001a080fafa6ae6b
2026-05-18 22:18:59.921,FIN-WS22,svc-export,1,powershell.exe,"powershell.exe",explorer.exe,,,SHA256=000dbb21b98c588f000dbb21b98c588f000dbb21b98c588f000dbb21b98c588f
2026-05-18 22:28:22.135,VDI-POOL-03,r.owens,1,outlook.exe,"outlook.exe",systemd,,,SHA256=00212f2f5487c28600212f2f5487c28600212f2f5487c28600212f2f5487c286
2026-05-18 22:39:17.983,FIN-WS22,svc-build,1,python3,"python3",explorer.exe,,,SHA256=00220e8b33b18f8a00220e8b33b18f8a00220e8b33b18f8a00220e8b33b18f8a
2026-05-18 22:44:22.548,ENG-FS03,a.chen,1,node,"node",explorer.exe,,,SHA256=001a13f5298ec4af001a13f5298ec4af001a13f5298ec4af001a13f5298ec4af
2026-05-18 22:52:27.988,FIN-WS22,r.owens,1,outlook.exe,"outlook.exe",cmd.exe,,,SHA256=00087fc43925ca7d00087fc43925ca7d00087fc43925ca7d00087fc43925ca7d
2026-05-18 22:58:04.100,ENG-FS03,m.sato,1,sshd,"sshd",cmd.exe,,,SHA256=000fa43577f9c1ca000fa43577f9c1ca000fa43577f9c1ca000fa43577f9c1ca
2026-05-18 23:08:34.832,HR-LT19,svc-export,1,node,"node",explorer.exe,,,SHA256=002281bc12ff6776002281bc12ff6776002281bc12ff6776002281bc12ff6776
2026-05-18 23:12:33.747,ENG-FS03,j.patel,1,sshd,"sshd",systemd,,,SHA256=0020fceb4d1307da0020fceb4d1307da0020fceb4d1307da0020fceb4d1307da
2026-05-18 23:19:15.305,build-agent-03,j.patel,1,slack.exe,"slack.exe",launchd,,,SHA256=001e22e74a038e04001e22e74a038e04001e22e74a038e04001e22e74a038e04
2026-05-18 23:28:47.332,build-agent-03,svc-export,1,sshd,"sshd",cmd.exe,,,SHA256=000d8cf27a32dc1b000d8cf27a32dc1b000d8cf27a32dc1b000d8cf27a32dc1b
2026-05-18 23:33:42.147,HR-LT19,j.patel,1,chrome.exe,"chrome.exe",explorer.exe,,,SHA256=001270adb7f0217d001270adb7f0217d001270adb7f0217d001270adb7f0217d
2026-05-18 23:44:07.132,build-agent-03,svc_ediscovery,1,slack.exe,"slack.exe",cmd.exe,,,SHA256=001b80d82087206b001b80d82087206b001b80d82087206b001b80d82087206b
2026-05-18 23:54:26.508,HR-LT19,m.sato,1,sshd,"sshd",explorer.exe,,,SHA256=000aaec681591875000aaec681591875000aaec681591875000aaec681591875
2026-05-18 23:57:19.805,HR-LT19,a.chen,1,chrome.exe,"chrome.exe",cmd.exe,,,SHA256=001de821589aa3d7001de821589aa3d7001de821589aa3d7001de821589aa3d7
